-- FULL Manual Import Script for Supabase
-- Generated on 2026-03-14T07:08:50.250Z

SET session_replication_role = 'replica'; -- Disable triggers and constraints temporarily


-- Table: User
INSERT INTO "User" ("id", "username", "email", "passwordHash", "balance", "holdBalance", "role", "telegramId", "twoFactorSecret", "twoFactorEnabled", "level", "totalRevenue", "isActive", "avatar", "fullName", "phone", "bankAccount", "bankName", "createdAt", "updatedAt") VALUES ('cmmlti6s0000080ubig2ivt4e', 'admin', 'admin@marketmmo.com', '$2b$10$KLSIhmoWwqfYyV0DFE/X9uilFYVrgEJz9za2fIxPD1ohqZVFMYrzO', 0, 0, 'ADMIN', NULL, NULL, false, 0, 0, true, NULL, 'Admin MarketMMO', NULL, NULL, NULL, '2026-03-11 09:09:28.656+00', '2026-03-11 09:15:59.084+00') ON CONFLICT (id) DO NOTHING;
INSERT INTO "User" ("id", "username", "email", "passwordHash", "balance", "holdBalance", "role", "telegramId", "twoFactorSecret", "twoFactorEnabled", "level", "totalRevenue", "isActive", "avatar", "fullName", "phone", "bankAccount", "bankName", "createdAt", "updatedAt") VALUES ('cmmlti6s6000180ub3xz4lzfc', 'lenhattuan', 'lenhattuan@gmail.com', '$2b$10$KLSIhmoWwqfYyV0DFE/X9uilFYVrgEJz9za2fIxPD1ohqZVFMYrzO', 144037, 95000, 'SELLER', NULL, NULL, false, 2, 12690000, true, NULL, 'Lê Nhật Tuấn', NULL, NULL, NULL, '2026-03-11 09:09:28.662+00', '2026-03-14 06:05:14.793+00') ON CONFLICT (id) DO NOTHING;
INSERT INTO "User" ("id", "username", "email", "passwordHash", "balance", "holdBalance", "role", "telegramId", "twoFactorSecret", "twoFactorEnabled", "level", "totalRevenue", "isActive", "avatar", "fullName", "phone", "bankAccount", "bankName", "createdAt", "updatedAt") VALUES ('cmmlti6s6000280ubakwfo16p', 'truongphuchl', 'truongphuc@gmail.com', '$2b$10$KLSIhmoWwqfYyV0DFE/X9uilFYVrgEJz9za2fIxPD1ohqZVFMYrzO', 266783, 264184, 'SELLER', NULL, NULL, false, 1, 8006783, true, NULL, 'Trường Phúc', NULL, NULL, NULL, '2026-03-11 09:09:28.662+00', '2026-03-14 06:05:14.792+00') ON CONFLICT (id) DO NOTHING;
INSERT INTO "User" ("id", "username", "email", "passwordHash", "balance", "holdBalance", "role", "telegramId", "twoFactorSecret", "twoFactorEnabled", "level", "totalRevenue", "isActive", "avatar", "fullName", "phone", "bankAccount", "bankName", "createdAt", "updatedAt") VALUES ('cmmlti6s6000380ubgwr4gij8', '1trieumail', '1trieumail@gmail.com', '$2b$10$KLSIhmoWwqfYyV0DFE/X9uilFYVrgEJz9za2fIxPD1ohqZVFMYrzO', 900000, 0, 'SELLER', NULL, NULL, false, 3, 55000000, true, NULL, 'Một Triệu Mail', NULL, NULL, NULL, '2026-03-11 09:09:28.662+00', '2026-03-11 09:15:59.084+00') ON CONFLICT (id) DO NOTHING;
INSERT INTO "User" ("id", "username", "email", "passwordHash", "balance", "holdBalance", "role", "telegramId", "twoFactorSecret", "twoFactorEnabled", "level", "totalRevenue", "isActive", "avatar", "fullName", "phone", "bankAccount", "bankName", "createdAt", "updatedAt") VALUES ('cmmlti6s6000480ubiln4ogmu', 'bearmedia', 'bearmedia@gmail.com', '$2b$10$KLSIhmoWwqfYyV0DFE/X9uilFYVrgEJz9za2fIxPD1ohqZVFMYrzO', 220000, 0, 'SELLER', NULL, NULL, false, 1, 3200000, true, NULL, 'Bear Media', NULL, NULL, NULL, '2026-03-11 09:09:28.662+00', '2026-03-11 09:15:59.084+00') ON CONFLICT (id) DO NOTHING;
INSERT INTO "User" ("id", "username", "email", "passwordHash", "balance", "holdBalance", "role", "telegramId", "twoFactorSecret", "twoFactorEnabled", "level", "totalRevenue", "isActive", "avatar", "fullName", "phone", "bankAccount", "bankName", "createdAt", "updatedAt") VALUES ('cmmlti6sj000580ubf7tl9g2r', 'nguyenvan', 'nguyenvan@gmail.com', '$2b$10$KLSIhmoWwqfYyV0DFE/X9uilFYVrgEJz9za2fIxPD1ohqZVFMYrzO', 250000, 0, 'BUYER', NULL, NULL, false, 0, 0, true, NULL, 'Nguyễn Văn A', NULL, NULL, NULL, '2026-03-11 09:09:28.675+00', '2026-03-11 09:15:59.084+00') ON CONFLICT (id) DO NOTHING;
INSERT INTO "User" ("id", "username", "email", "passwordHash", "balance", "holdBalance", "role", "telegramId", "twoFactorSecret", "twoFactorEnabled", "level", "totalRevenue", "isActive", "avatar", "fullName", "phone", "bankAccount", "bankName", "createdAt", "updatedAt") VALUES ('cmmlti6sj000680ub7tzgxgl9', 'tranthib', 'tranthib@gmail.com', '$2b$10$KLSIhmoWwqfYyV0DFE/X9uilFYVrgEJz9za2fIxPD1ohqZVFMYrzO', 80000, 0, 'BUYER', NULL, NULL, false, 0, 0, true, NULL, 'Trần Thị B', NULL, NULL, NULL, '2026-03-11 09:09:28.675+00', '2026-03-11 09:15:59.084+00') ON CONFLICT (id) DO NOTHING;
INSERT INTO "User" ("id", "username", "email", "passwordHash", "balance", "holdBalance", "role", "telegramId", "twoFactorSecret", "twoFactorEnabled", "level", "totalRevenue", "isActive", "avatar", "fullName", "phone", "bankAccount", "bankName", "createdAt", "updatedAt") VALUES ('cmmlti6sj000780ub0a3i1spw', 'hoangc', 'hoangc@gmail.com', '$2b$10$KLSIhmoWwqfYyV0DFE/X9uilFYVrgEJz9za2fIxPD1ohqZVFMYrzO', 500000, 0, 'BUYER', NULL, NULL, false, 0, 0, true, NULL, 'Hoàng C', NULL, NULL, NULL, '2026-03-11 09:09:28.675+00', '2026-03-11 09:15:59.084+00') ON CONFLICT (id) DO NOTHING;
INSERT INTO "User" ("id", "username", "email", "passwordHash", "balance", "holdBalance", "role", "telegramId", "twoFactorSecret", "twoFactorEnabled", "level", "totalRevenue", "isActive", "avatar", "fullName", "phone", "bankAccount", "bankName", "createdAt", "updatedAt") VALUES ('cmmlti6sj000880ub5w691f10', 'phamd', 'phamd@gmail.com', '$2b$10$KLSIhmoWwqfYyV0DFE/X9uilFYVrgEJz9za2fIxPD1ohqZVFMYrzO', 150000, 0, 'BUYER', NULL, NULL, false, 0, 0, true, NULL, 'Phạm D', NULL, NULL, NULL, '2026-03-11 09:09:28.675+00', '2026-03-11 09:15:59.084+00') ON CONFLICT (id) DO NOTHING;
INSERT INTO "User" ("id", "username", "email", "passwordHash", "balance", "holdBalance", "role", "telegramId", "twoFactorSecret", "twoFactorEnabled", "level", "totalRevenue", "isActive", "avatar", "fullName", "phone", "bankAccount", "bankName", "createdAt", "updatedAt") VALUES ('cmmlti6sj000980ubgvnfdtnm', 'voe', 'voe@gmail.com', '$2b$10$KLSIhmoWwqfYyV0DFE/X9uilFYVrgEJz9za2fIxPD1ohqZVFMYrzO', 20000, 0, 'BUYER', NULL, NULL, false, 0, 0, true, NULL, 'Võ E', NULL, NULL, NULL, '2026-03-11 09:09:28.675+00', '2026-03-11 09:15:59.084+00') ON CONFLICT (id) DO NOTHING;
INSERT INTO "User" ("id", "username", "email", "passwordHash", "balance", "holdBalance", "role", "telegramId", "twoFactorSecret", "twoFactorEnabled", "level", "totalRevenue", "isActive", "avatar", "fullName", "phone", "bankAccount", "bankName", "createdAt", "updatedAt") VALUES ('SYSTEM_BOT', 'Hệ thống', 'system@marketmmo.com', 'n/a', 0, 0, 'ADMIN', NULL, NULL, false, 0, 0, true, 'https://cdn-icons-png.flaticon.com/512/2593/2593635.png', 'Chăm sóc khách hàng', NULL, NULL, NULL, '2026-03-12 13:25:32.032+00', '2026-03-12 13:25:32.032+00') ON CONFLICT (id) DO NOTHING;
INSERT INTO "User" ("id", "username", "email", "passwordHash", "balance", "holdBalance", "role", "telegramId", "twoFactorSecret", "twoFactorEnabled", "level", "totalRevenue", "isActive", "avatar", "fullName", "phone", "bankAccount", "bankName", "createdAt", "updatedAt") VALUES ('cmmo7b48i0003vgubebo1xcey', 'voanhtk', 'voanhtk5@gmail.com', '$2b$10$7/Imj2Le88Ga4eaChUx7AOReGD6URYdNs8tETfQdqVZ4GZ1XA15W6', 0, 0, 'SELLER', NULL, NULL, false, 0, 0, true, NULL, 'truong tuan', '0933465422', '651000123123', 'vietcombank', '2026-03-13 01:11:25.746+00', '2026-03-13 01:32:06.423+00') ON CONFLICT (id) DO NOTHING;
INSERT INTO "User" ("id", "username", "email", "passwordHash", "balance", "holdBalance", "role", "telegramId", "twoFactorSecret", "twoFactorEnabled", "level", "totalRevenue", "isActive", "avatar", "fullName", "phone", "bankAccount", "bankName", "createdAt", "updatedAt") VALUES ('cmmo9iqbt00003wubwp5ujljo', 'testuser999', 'testuser999@example.com', '$2b$10$/X/xAomRBKGkgQZgLz9Si.UfUEoVmSUub6mv0jS97uMlFjn00c4h2', 0, 0, 'BUYER', NULL, NULL, false, 0, 0, true, NULL, NULL, NULL, NULL, NULL, '2026-03-13 02:13:20.201+00', '2026-03-13 02:13:20.201+00') ON CONFLICT (id) DO NOTHING;

-- Table: Category
INSERT INTO "Category" ("id", "name", "slug", "icon", "parentId", "createdAt") VALUES ('cmmlti6t0000a80ub3twnkitp', 'Sản phẩm số', 'san-pham-so', NULL, NULL, '2026-03-11 09:09:28.692+00') ON CONFLICT (id) DO NOTHING;
INSERT INTO "Category" ("id", "name", "slug", "icon", "parentId", "createdAt") VALUES ('cmmlti6t0000b80ubxgubi197', 'Dịch vụ', 'dich-vu', NULL, NULL, '2026-03-11 09:09:28.692+00') ON CONFLICT (id) DO NOTHING;
INSERT INTO "Category" ("id", "name", "slug", "icon", "parentId", "createdAt") VALUES ('cmmlti6t7000c80ubzctsw1gq', 'Tài khoản Facebook', 'tai-khoan-fb', NULL, 'cmmlti6t0000a80ub3twnkitp', '2026-03-11 09:09:28.699+00') ON CONFLICT (id) DO NOTHING;
INSERT INTO "Category" ("id", "name", "slug", "icon", "parentId", "createdAt") VALUES ('cmmlti6t7000d80ub2dojpwq5', 'Gmail', 'gmail', NULL, 'cmmlti6t0000a80ub3twnkitp', '2026-03-11 09:09:28.699+00') ON CONFLICT (id) DO NOTHING;
INSERT INTO "Category" ("id", "name", "slug", "icon", "parentId", "createdAt") VALUES ('cmmlti6t7000e80ubljh2qbc6', 'Tài khoản TikTok', 'tai-khoan-tiktok', NULL, 'cmmlti6t0000a80ub3twnkitp', '2026-03-11 09:09:28.699+00') ON CONFLICT (id) DO NOTHING;
INSERT INTO "Category" ("id", "name", "slug", "icon", "parentId", "createdAt") VALUES ('cmmlti6t7000f80ubaqau777n', 'Tài khoản Zalo', 'tai-khoan-zalo', NULL, 'cmmlti6t0000a80ub3twnkitp', '2026-03-11 09:09:28.699+00') ON CONFLICT (id) DO NOTHING;
INSERT INTO "Category" ("id", "name", "slug", "icon", "parentId", "createdAt") VALUES ('cmmlti6t7000g80ub19svrn0x', 'Key phần mềm', 'key-phan-mem', NULL, 'cmmlti6t0000a80ub3twnkitp', '2026-03-11 09:09:28.699+00') ON CONFLICT (id) DO NOTHING;
INSERT INTO "Category" ("id", "name", "slug", "icon", "parentId", "createdAt") VALUES ('cmmlti6t7000h80ublqz7ituz', 'Tài khoản CapCut', 'tai-khoan-capcut', NULL, 'cmmlti6t0000a80ub3twnkitp', '2026-03-11 09:09:28.699+00') ON CONFLICT (id) DO NOTHING;
INSERT INTO "Category" ("id", "name", "slug", "icon", "parentId", "createdAt") VALUES ('cmmlti6tn000i80ubohhsyk8w', 'Marketing', 'marketing', NULL, 'cmmlti6t0000b80ubxgubi197', '2026-03-11 09:09:28.715+00') ON CONFLICT (id) DO NOTHING;
INSERT INTO "Category" ("id", "name", "slug", "icon", "parentId", "createdAt") VALUES ('cmmlti6tn000j80ub1of6q78n', 'Tăng tương tác', 'tang-tuong-tac', NULL, 'cmmlti6t0000b80ubxgubi197', '2026-03-11 09:09:28.715+00') ON CONFLICT (id) DO NOTHING;
INSERT INTO "Category" ("id", "name", "slug", "icon", "parentId", "createdAt") VALUES ('cmmlti6tn000k80ubo4hm7o82', 'Thiết kế', 'thiet-ke', NULL, 'cmmlti6t0000b80ubxgubi197', '2026-03-11 09:09:28.715+00') ON CONFLICT (id) DO NOTHING;

-- Table: Product
INSERT INTO "Product" ("id", "sellerId", "categoryId", "title", "slug", "shortDescription", "description", "type", "price", "priceMax", "thumbnail", "status", "isFeatured", "isSponsored", "viewCount", "soldCount", "rating", "warrantyDays", "lastSoldAt", "isService", "allowBidding", "deliveryTimeHours", "createdAt", "updatedAt") VALUES ('cmmlti6tx000l80ubm4syx6xh', 'cmmlti6s6000180ub3xz4lzfc', 'cmmlti6t7000c80ubzctsw1gq', 'Facebook có 1000-5000 bạn bè và có nhiều bài đăng 2023-2025', 'facebook-1000-5000-ban', NULL, 'Nick FB người dùng thật, nhiều bạn bè, full backup. Bảo hành 24h đổi nick.', 'DIGITAL', 40000, 280000, NULL, 'ACTIVE', true, true, 4440, 4460, 4.8, 3, NULL, false, false, NULL, '2026-03-11 09:09:28.725+00', '2026-03-11 09:09:28.725+00') ON CONFLICT (id) DO NOTHING;
INSERT INTO "Product" ("id", "sellerId", "categoryId", "title", "slug", "shortDescription", "description", "type", "price", "priceMax", "thumbnail", "status", "isFeatured", "isSponsored", "viewCount", "soldCount", "rating", "warrantyDays", "lastSoldAt", "isService", "allowBidding", "deliveryTimeHours", "createdAt", "updatedAt") VALUES ('cmmlti6ty000m80ub73od1wxw', 'cmmlti6s6000380ubgwr4gij8', 'cmmlti6t7000c80ubzctsw1gq', 'Clone FB - VIA Việt 200x - 2026 | 2FA - VER HOTMAIL | Chất lượng cao', 'clone-fb-via-viet-200x', NULL, 'Clone FB chất lượng cao, verify bằng hotmail, bảo hành 7 ngày.', 'DIGITAL', 2300, 16500, NULL, 'ACTIVE', false, true, 12767, 22, 4.3, 3, NULL, false, false, NULL, '2026-03-11 09:09:28.726+00', '2026-03-11 09:09:28.726+00') ON CONFLICT (id) DO NOTHING;
INSERT INTO "Product" ("id", "sellerId", "categoryId", "title", "slug", "shortDescription", "description", "type", "price", "priceMax", "thumbnail", "status", "isFeatured", "isSponsored", "viewCount", "soldCount", "rating", "warrantyDays", "lastSoldAt", "isService", "allowBidding", "deliveryTimeHours", "createdAt", "updatedAt") VALUES ('cmmlti6tz000n80ub0ecwfqsd', 'cmmlti6s6000280ubakwfo16p', 'cmmlti6t7000d80ub2dojpwq5', 'Gmail tháng 8 2025 có 2FA+MKP hạn chế thư', 'gmail-2025-2fa', NULL, 'Gmail cổ, full 2FA+MKP. Bao đăng nhập và đổi pass.', 'DIGITAL', 11999, NULL, NULL, 'ACTIVE', true, true, 1770, 2120, 4.9, 3, NULL, false, false, NULL, '2026-03-11 09:09:28.727+00', '2026-03-11 09:09:28.727+00') ON CONFLICT (id) DO NOTHING;
INSERT INTO "Product" ("id", "sellerId", "categoryId", "title", "slug", "shortDescription", "description", "type", "price", "priceMax", "thumbnail", "status", "isFeatured", "isSponsored", "viewCount", "soldCount", "rating", "warrantyDays", "lastSoldAt", "isService", "allowBidding", "deliveryTimeHours", "createdAt", "updatedAt") VALUES ('cmmlti6tz000o80ubz5nzwibg', 'cmmlti6s6000380ubgwr4gij8', 'cmmlti6t7000d80ub2dojpwq5', 'Tài khoản Gmail Cổ-New-Gmail domain | Cho thuê gmail edu chỉ từ 58đ', 'gmail-co-new-domain', NULL, 'Gmail đa dạng từ gmail cổ đến gmail edu. Cho thuê giá rẻ.', 'DIGITAL', 58, 27000, NULL, 'ACTIVE', false, true, 64879, 10499, 4.7, 3, NULL, false, false, NULL, '2026-03-11 09:09:28.727+00', '2026-03-11 09:09:28.727+00') ON CONFLICT (id) DO NOTHING;
INSERT INTO "Product" ("id", "sellerId", "categoryId", "title", "slug", "shortDescription", "description", "type", "price", "priceMax", "thumbnail", "status", "isFeatured", "isSponsored", "viewCount", "soldCount", "rating", "warrantyDays", "lastSoldAt", "isService", "allowBidding", "deliveryTimeHours", "createdAt", "updatedAt") VALUES ('cmmlti6u0000p80ub115utvl3', 'cmmlti6s6000380ubgwr4gij8', 'cmmlti6t7000d80ub2dojpwq5', 'Gmail Edu cho thuê giá rẻ 24H', 'gmail-edu-thue-24h', NULL, 'Gmail Edu chính hãng, bảo hành 24h.', 'DIGITAL', 49, 999, NULL, 'ACTIVE', false, false, 1909, 65664, 4.6, 3, NULL, false, false, NULL, '2026-03-11 09:09:28.728+00', '2026-03-11 09:09:28.728+00') ON CONFLICT (id) DO NOTHING;
INSERT INTO "Product" ("id", "sellerId", "categoryId", "title", "slug", "shortDescription", "description", "type", "price", "priceMax", "thumbnail", "status", "isFeatured", "isSponsored", "viewCount", "soldCount", "rating", "warrantyDays", "lastSoldAt", "isService", "allowBidding", "deliveryTimeHours", "createdAt", "updatedAt") VALUES ('cmmlti6u0000q80ubo01uuhpp', 'cmmlti6s6000280ubakwfo16p', 'cmmlti6t7000e80ubljh2qbc6', 'Tài khoản TikTok cổ 2017-2022, nhiều follower', 'tiktok-co-2017-2022', NULL, 'TikTok cổ từ 2017-2022, có follower thật, không bị limit.', 'DIGITAL', 15000, 300000, NULL, 'CLOSED', false, true, 2340, 187, 4.5, 3, NULL, false, false, NULL, '2026-03-11 09:09:28.728+00', '2026-03-13 13:53:55.076+00') ON CONFLICT (id) DO NOTHING;
INSERT INTO "Product" ("id", "sellerId", "categoryId", "title", "slug", "shortDescription", "description", "type", "price", "priceMax", "thumbnail", "status", "isFeatured", "isSponsored", "viewCount", "soldCount", "rating", "warrantyDays", "lastSoldAt", "isService", "allowBidding", "deliveryTimeHours", "createdAt", "updatedAt") VALUES ('cmmlti6u0000r80ubxw2brd6i', 'cmmlti6s6000180ub3xz4lzfc', 'cmmlti6t7000f80ubaqau777n', 'Tài khoản Zalo đăng ký SIM thật, full phone', 'zalo-sim-that-full-phone', NULL, 'Zalo đăng ký bằng SIM thật, đủ thông tin, không ảo.', 'DIGITAL', 8000, 25000, NULL, 'ACTIVE', false, false, 3200, 456, 4.4, 3, NULL, false, false, NULL, '2026-03-11 09:09:28.728+00', '2026-03-11 09:09:28.728+00') ON CONFLICT (id) DO NOTHING;
INSERT INTO "Product" ("id", "sellerId", "categoryId", "title", "slug", "shortDescription", "description", "type", "price", "priceMax", "thumbnail", "status", "isFeatured", "isSponsored", "viewCount", "soldCount", "rating", "warrantyDays", "lastSoldAt", "isService", "allowBidding", "deliveryTimeHours", "createdAt", "updatedAt") VALUES ('cmmlti6u0000s80ubyglduhsf', 'cmmlti6s6000480ubiln4ogmu', 'cmmlti6t7000h80ublqz7ituz', 'Tài khoản CapCut Pro cấp sẵn', 'capcut-pro-cap-san', NULL, 'CapCut Pro bản quyền, full tính năng premium. Cấp nhanh 5 phút.', 'DIGITAL', 1000, 280000, NULL, 'ACTIVE', false, true, 3740, 442, 4.6, 3, NULL, false, false, NULL, '2026-03-11 09:09:28.728+00', '2026-03-11 09:09:28.728+00') ON CONFLICT (id) DO NOTHING;
INSERT INTO "Product" ("id", "sellerId", "categoryId", "title", "slug", "shortDescription", "description", "type", "price", "priceMax", "thumbnail", "status", "isFeatured", "isSponsored", "viewCount", "soldCount", "rating", "warrantyDays", "lastSoldAt", "isService", "allowBidding", "deliveryTimeHours", "createdAt", "updatedAt") VALUES ('cmmlti6u0000t80ub9bpg9uyh', 'cmmlti6s6000180ub3xz4lzfc', 'cmmlti6t7000g80ub19svrn0x', 'Key Windows 11 Pro OEM - Kích hoạt vĩnh viễn', 'key-windows-11-pro-oem', NULL, 'Key Windows 11 Pro bản quyền, kích hoạt vĩnh viễn, không lo mất bản quyền.', 'DIGITAL', 50000, 120000, NULL, 'ACTIVE', true, false, 8900, 1230, 4.9, 3, NULL, false, false, NULL, '2026-03-11 09:09:28.728+00', '2026-03-11 09:09:28.728+00') ON CONFLICT (id) DO NOTHING;
INSERT INTO "Product" ("id", "sellerId", "categoryId", "title", "slug", "shortDescription", "description", "type", "price", "priceMax", "thumbnail", "status", "isFeatured", "isSponsored", "viewCount", "soldCount", "rating", "warrantyDays", "lastSoldAt", "isService", "allowBidding", "deliveryTimeHours", "createdAt", "updatedAt") VALUES ('cmmlti6u0000u80ub1h6dt5q4', 'cmmlti6s6000280ubakwfo16p', 'cmmlti6t7000g80ub19svrn0x', 'Key Office 365 Business Premium - 1 năm', 'key-office-365-1nam', NULL, 'Office 365 Business Premium kích hoạt 1 năm, dùng được 5 thiết bị.', 'DIGITAL', 120000, 500000, NULL, 'ACTIVE', false, false, 5600, 890, 4.8, 3, NULL, false, false, NULL, '2026-03-11 09:09:28.728+00', '2026-03-11 09:09:28.728+00') ON CONFLICT (id) DO NOTHING;
INSERT INTO "Product" ("id", "sellerId", "categoryId", "title", "slug", "shortDescription", "description", "type", "price", "priceMax", "thumbnail", "status", "isFeatured", "isSponsored", "viewCount", "soldCount", "rating", "warrantyDays", "lastSoldAt", "isService", "allowBidding", "deliveryTimeHours", "createdAt", "updatedAt") VALUES ('cmmlti6u0000v80ubool99nn4', 'cmmlti6s6000180ub3xz4lzfc', 'cmmlti6tn000j80ub1of6q78n', 'Tăng tương tác TikTok siêu nhanh - Hỗ trợ 24/7', 'tang-tuong-tac-tiktok', NULL, 'Buff like, share, comment TikTok. Tốc độ nhanh, bảo hành 30 ngày.', 'SERVICE', 1000, 6666, NULL, 'ACTIVE', false, true, 1200, 77, 4.5, 3, NULL, false, false, NULL, '2026-03-11 09:09:28.728+00', '2026-03-11 09:09:28.728+00') ON CONFLICT (id) DO NOTHING;
INSERT INTO "Product" ("id", "sellerId", "categoryId", "title", "slug", "shortDescription", "description", "type", "price", "priceMax", "thumbnail", "status", "isFeatured", "isSponsored", "viewCount", "soldCount", "rating", "warrantyDays", "lastSoldAt", "isService", "allowBidding", "deliveryTimeHours", "createdAt", "updatedAt") VALUES ('cmmlti6u0000w80ubptubgdpu', 'cmmlti6s6000480ubiln4ogmu', 'cmmlti6tn000i80ubohhsyk8w', 'Chạy ADS Facebook, Google, Tiktok... - Tư vấn miễn phí', 'chay-ads-fb-google', NULL, 'Dịch vụ chạy quảng cáo đa nền tảng. Cam kết hiệu quả.', 'SERVICE', 1, 100, NULL, 'ACTIVE', false, true, 450, 125, 4.8, 3, NULL, false, false, NULL, '2026-03-11 09:09:28.728+00', '2026-03-11 09:09:28.728+00') ON CONFLICT (id) DO NOTHING;
INSERT INTO "Product" ("id", "sellerId", "categoryId", "title", "slug", "shortDescription", "description", "type", "price", "priceMax", "thumbnail", "status", "isFeatured", "isSponsored", "viewCount", "soldCount", "rating", "warrantyDays", "lastSoldAt", "isService", "allowBidding", "deliveryTimeHours", "createdAt", "updatedAt") VALUES ('cmmlti6u1000x80ubquqxbnnx', 'cmmlti6s6000280ubakwfo16p', 'cmmlti6tn000k80ubo4hm7o82', 'Thiết kế logo chuyên nghiệp - Giao hàng 24h', 'thiet-ke-logo-chuyen-nghiep', NULL, 'Nhận thiết kế logo chuẩn theo yêu cầu. File gốc AI/PSD.', 'SERVICE', 50000, 500000, NULL, 'ACTIVE', false, false, 780, 43, 4.7, 3, NULL, false, false, NULL, '2026-03-11 09:09:28.729+00', '2026-03-11 09:09:28.729+00') ON CONFLICT (id) DO NOTHING;
INSERT INTO "Product" ("id", "sellerId", "categoryId", "title", "slug", "shortDescription", "description", "type", "price", "priceMax", "thumbnail", "status", "isFeatured", "isSponsored", "viewCount", "soldCount", "rating", "warrantyDays", "lastSoldAt", "isService", "allowBidding", "deliveryTimeHours", "createdAt", "updatedAt") VALUES ('cmmlti6u1000y80ub4wezfbeh', 'cmmlti6s6000380ubgwr4gij8', 'cmmlti6t7000c80ubzctsw1gq', 'Tài khoản Twitter cổ từ 2006-2022', 'twitter-co-2006-2022', NULL, 'Twitter cổ, xác thực email, không bị suspended.', 'DIGITAL', 11000, 30000, NULL, 'ACTIVE', false, false, 4140, 1, 4.5, 3, NULL, false, false, NULL, '2026-03-11 09:09:28.729+00', '2026-03-11 09:09:28.729+00') ON CONFLICT (id) DO NOTHING;
INSERT INTO "Product" ("id", "sellerId", "categoryId", "title", "slug", "shortDescription", "description", "type", "price", "priceMax", "thumbnail", "status", "isFeatured", "isSponsored", "viewCount", "soldCount", "rating", "warrantyDays", "lastSoldAt", "isService", "allowBidding", "deliveryTimeHours", "createdAt", "updatedAt") VALUES ('cmmm1xnwd0003koubyb7is1bt', 'cmmlti6s6000280ubakwfo16p', 'cmmlti6t7000d80ub2dojpwq5', 'sản phẩm 1', 'san-pham-1-k4u56', NULL, '', 'DIGITAL', 222, 333, NULL, 'ACTIVE', false, false, 0, 0, 0, 3, NULL, false, false, NULL, '2026-03-11 13:05:27.613+00', '2026-03-11 13:05:27.613+00') ON CONFLICT (id) DO NOTHING;
INSERT INTO "Product" ("id", "sellerId", "categoryId", "title", "slug", "shortDescription", "description", "type", "price", "priceMax", "thumbnail", "status", "isFeatured", "isSponsored", "viewCount", "soldCount", "rating", "warrantyDays", "lastSoldAt", "isService", "allowBidding", "deliveryTimeHours", "createdAt", "updatedAt") VALUES ('cmmm20fcv0000fcubw61av3cy', 'cmmlti6s6000280ubakwfo16p', 'cmmlti6t7000d80ub2dojpwq5', 'gmail', 'gmail-26hnx', NULL, '', 'DIGITAL', 333, 333, NULL, 'ACTIVE', false, false, 0, 11, 0, 3, NULL, false, false, NULL, '2026-03-11 13:07:36.510+00', '2026-03-11 14:29:18.401+00') ON CONFLICT (id) DO NOTHING;
INSERT INTO "Product" ("id", "sellerId", "categoryId", "title", "slug", "shortDescription", "description", "type", "price", "priceMax", "thumbnail", "status", "isFeatured", "isSponsored", "viewCount", "soldCount", "rating", "warrantyDays", "lastSoldAt", "isService", "allowBidding", "deliveryTimeHours", "createdAt", "updatedAt") VALUES ('cmmmrkf2300005wub2f8xtgvv', 'cmmlti6s6000280ubakwfo16p', 'cmmlti6t7000d80ub2dojpwq5', 'gmail cổ', 'gmail-co-li3yv', NULL, '', 'DIGITAL', 80000, 100000, NULL, 'ACTIVE', false, false, 0, 4, 0, 7, NULL, false, false, NULL, '2026-03-12 01:02:59.643+00', '2026-03-12 04:05:16.382+00') ON CONFLICT (id) DO NOTHING;
INSERT INTO "Product" ("id", "sellerId", "categoryId", "title", "slug", "shortDescription", "description", "type", "price", "priceMax", "thumbnail", "status", "isFeatured", "isSponsored", "viewCount", "soldCount", "rating", "warrantyDays", "lastSoldAt", "isService", "allowBidding", "deliveryTimeHours", "createdAt", "updatedAt") VALUES ('cmmmtrk7a000050ubkhu1ksqu', 'cmmlti6s6000280ubakwfo16p', 'cmmlti6t7000d80ub2dojpwq5', 'test anh', 'test-anh-1mzvz', 'Mô tả ngắn', 'Mô tả chi tiết gian hàng', 'DIGITAL', 2000, 3333, '/uploads/1773281031636-ao.jpg', 'ACTIVE', false, false, 0, 13, 5, 3, '2026-03-14 03:59:24.102+00', false, false, NULL, '2026-03-12 02:04:32.134+00', '2026-03-14 03:59:24.119+00') ON CONFLICT (id) DO NOTHING;
INSERT INTO "Product" ("id", "sellerId", "categoryId", "title", "slug", "shortDescription", "description", "type", "price", "priceMax", "thumbnail", "status", "isFeatured", "isSponsored", "viewCount", "soldCount", "rating", "warrantyDays", "lastSoldAt", "isService", "allowBidding", "deliveryTimeHours", "createdAt", "updatedAt") VALUES ('cmmn3o0z20000fgub6bid1ej3', 'cmmlti6s6000280ubakwfo16p', 'cmmlti6t7000d80ub2dojpwq5', 'test', 'test-vpt9c', NULL, '', 'DIGITAL', 100000, NULL, NULL, 'ACTIVE', false, false, 0, 0, 0, 3, NULL, false, false, NULL, '2026-03-12 06:41:43.406+00', '2026-03-12 06:41:43.406+00') ON CONFLICT (id) DO NOTHING;
INSERT INTO "Product" ("id", "sellerId", "categoryId", "title", "slug", "shortDescription", "description", "type", "price", "priceMax", "thumbnail", "status", "isFeatured", "isSponsored", "viewCount", "soldCount", "rating", "warrantyDays", "lastSoldAt", "isService", "allowBidding", "deliveryTimeHours", "createdAt", "updatedAt") VALUES ('cmmn7pyka0003fgubqxhcpux1', 'cmmlti6s6000280ubakwfo16p', 'cmmlti6t7000d80ub2dojpwq5', 'gmail cổ', 'gmail-co-yzczr', NULL, '', 'DIGITAL', 100000, 200000, NULL, 'ACTIVE', false, false, 0, 0, 0, 3, NULL, false, false, NULL, '2026-03-12 08:35:12.058+00', '2026-03-12 08:35:12.058+00') ON CONFLICT (id) DO NOTHING;
INSERT INTO "Product" ("id", "sellerId", "categoryId", "title", "slug", "shortDescription", "description", "type", "price", "priceMax", "thumbnail", "status", "isFeatured", "isSponsored", "viewCount", "soldCount", "rating", "warrantyDays", "lastSoldAt", "isService", "allowBidding", "deliveryTimeHours", "createdAt", "updatedAt") VALUES ('cmmo6tld50000vgubte6sejxs', 'cmmlti6s6000280ubakwfo16p', 'cmmlti6t7000d80ub2dojpwq5', 'test duyet', 'test-duyet-ln5f0', NULL, '', 'DIGITAL', 20000, NULL, NULL, 'CLOSED', false, false, 0, 0, 0, 3, NULL, false, false, NULL, '2026-03-13 00:57:48.137+00', '2026-03-13 11:16:53.027+00') ON CONFLICT (id) DO NOTHING;
INSERT INTO "Product" ("id", "sellerId", "categoryId", "title", "slug", "shortDescription", "description", "type", "price", "priceMax", "thumbnail", "status", "isFeatured", "isSponsored", "viewCount", "soldCount", "rating", "warrantyDays", "lastSoldAt", "isService", "allowBidding", "deliveryTimeHours", "createdAt", "updatedAt") VALUES ('cmmolr7tl000h20ubje3b1kst', 'cmmlti6s6000280ubakwfo16p', 'cmmlti6t7000d80ub2dojpwq5', 'gmail mới', 'gmail-moi-zodhi', NULL, 'mô tả gian hàng', 'DIGITAL', 50000, 100000, '/uploads/1773388481443-f337a7dd-1859-4095-9ddd-bf7950ffdfd4.jpg', 'ACTIVE', false, false, 0, 3, 0, 7, '2026-03-13 15:07:13.375+00', false, false, NULL, '2026-03-13 07:55:51.513+00', '2026-03-13 15:07:13.401+00') ON CONFLICT (id) DO NOTHING;
INSERT INTO "Product" ("id", "sellerId", "categoryId", "title", "slug", "shortDescription", "description", "type", "price", "priceMax", "thumbnail", "status", "isFeatured", "isSponsored", "viewCount", "soldCount", "rating", "warrantyDays", "lastSoldAt", "isService", "allowBidding", "deliveryTimeHours", "createdAt", "updatedAt") VALUES ('cmmpopbl30000r4ub1u4ubiny', 'cmmlti6s6000280ubakwfo16p', 'cmmlti6tn000k80ubo4hm7o82', 'thiết kế website', 'thiet-ke-website-1j8od', NULL, '', 'SERVICE', 0, NULL, NULL, 'ACTIVE', false, false, 0, 0, 0, 3, NULL, true, true, 48, '2026-03-14 02:06:08.103+00', '2026-03-14 02:16:19.542+00') ON CONFLICT (id) DO NOTHING;
INSERT INTO "Product" ("id", "sellerId", "categoryId", "title", "slug", "shortDescription", "description", "type", "price", "priceMax", "thumbnail", "status", "isFeatured", "isSponsored", "viewCount", "soldCount", "rating", "warrantyDays", "lastSoldAt", "isService", "allowBidding", "deliveryTimeHours", "createdAt", "updatedAt") VALUES ('cmmppgopu00088gubfdvot4fd', 'cmmlti6s6000180ub3xz4lzfc', 'cmmlti6t7000g80ub19svrn0x', 'thiết kế phần mềm', 'thiet-ke-phan-mem-8l78f', NULL, '', 'SERVICE', 2, NULL, NULL, 'ACTIVE', false, false, 0, 0, 0, 7, NULL, true, false, NULL, '2026-03-14 02:27:24.834+00', '2026-03-14 02:27:51.849+00') ON CONFLICT (id) DO NOTHING;
INSERT INTO "Product" ("id", "sellerId", "categoryId", "title", "slug", "shortDescription", "description", "type", "price", "priceMax", "thumbnail", "status", "isFeatured", "isSponsored", "viewCount", "soldCount", "rating", "warrantyDays", "lastSoldAt", "isService", "allowBidding", "deliveryTimeHours", "createdAt", "updatedAt") VALUES ('cmmpqjcnr0001owub3v205bab', 'cmmlti6s6000180ub3xz4lzfc', 'cmmlti6tn000i80ubohhsyk8w', 'ewrwer', 'ewrwer-uumo2', 'ưẻwer', '', 'SERVICE', 0, NULL, NULL, 'ACTIVE', false, false, 0, 0, 0, 3, NULL, true, true, NULL, '2026-03-14 02:57:28.791+00', '2026-03-14 02:57:37.906+00') ON CONFLICT (id) DO NOTHING;
INSERT INTO "Product" ("id", "sellerId", "categoryId", "title", "slug", "shortDescription", "description", "type", "price", "priceMax", "thumbnail", "status", "isFeatured", "isSponsored", "viewCount", "soldCount", "rating", "warrantyDays", "lastSoldAt", "isService", "allowBidding", "deliveryTimeHours", "createdAt", "updatedAt") VALUES ('cmmpw2l4x000dy0ubw1mhs0x1', 'cmmlti6s6000180ub3xz4lzfc', 'cmmlti6t7000g80ub19svrn0x', 'thêm hàng mới', 'them-hang-moi-c5tpi', 'sss', '', 'SERVICE', 0, NULL, NULL, 'ACTIVE', false, false, 0, 0, 0, 3, NULL, true, true, NULL, '2026-03-14 05:32:24.321+00', '2026-03-14 05:32:33.964+00') ON CONFLICT (id) DO NOTHING;

-- Table: ProductVariant
INSERT INTO "ProductVariant" ("id", "productId", "name", "price", "allowBidding", "description", "sortOrder", "createdAt", "deliveryTimeHours") VALUES ('cmmm20fd50001fcubm0e9lsqh', 'cmmm20fcv0000fcubw61av3cy', 'goi 1', 333, false, NULL, 0, '2026-03-11 13:07:36.521+00', NULL) ON CONFLICT (id) DO NOTHING;
INSERT INTO "ProductVariant" ("id", "productId", "name", "price", "allowBidding", "description", "sortOrder", "createdAt", "deliveryTimeHours") VALUES ('cmmm20fda0002fcubk3jpsu4x', 'cmmm20fcv0000fcubw61av3cy', 'goi 2', 333, false, NULL, 1, '2026-03-11 13:07:36.526+00', NULL) ON CONFLICT (id) DO NOTHING;
INSERT INTO "ProductVariant" ("id", "productId", "name", "price", "allowBidding", "description", "sortOrder", "createdAt", "deliveryTimeHours") VALUES ('cmmmrkf2600015wubtpe6gzkw', 'cmmmrkf2300005wub2f8xtgvv', 'gmail 2009-2015', 100000, false, NULL, 0, '2026-03-12 01:02:59.646+00', NULL) ON CONFLICT (id) DO NOTHING;
INSERT INTO "ProductVariant" ("id", "productId", "name", "price", "allowBidding", "description", "sortOrder", "createdAt", "deliveryTimeHours") VALUES ('cmmmrkf2800025wubb8uu0f4i', 'cmmmrkf2300005wub2f8xtgvv', 'gmail 2016-2022', 80000, false, NULL, 1, '2026-03-12 01:02:59.648+00', NULL) ON CONFLICT (id) DO NOTHING;
INSERT INTO "ProductVariant" ("id", "productId", "name", "price", "allowBidding", "description", "sortOrder", "createdAt", "deliveryTimeHours") VALUES ('cmmmtrk7h000150ub1uvgjcgo', 'cmmmtrk7a000050ubkhu1ksqu', '222', 2000, false, NULL, 0, '2026-03-12 02:04:32.141+00', NULL) ON CONFLICT (id) DO NOTHING;
INSERT INTO "ProductVariant" ("id", "productId", "name", "price", "allowBidding", "description", "sortOrder", "createdAt", "deliveryTimeHours") VALUES ('cmmmtrk7l000250ub0t2kxzvl', 'cmmmtrk7a000050ubkhu1ksqu', 'tttt', 3333, false, NULL, 1, '2026-03-12 02:04:32.145+00', NULL) ON CONFLICT (id) DO NOTHING;
INSERT INTO "ProductVariant" ("id", "productId", "name", "price", "allowBidding", "description", "sortOrder", "createdAt", "deliveryTimeHours") VALUES ('cmmn3o0z90001fgubsquung3w', 'cmmn3o0z20000fgub6bid1ej3', 'goi 1', 100000, false, NULL, 0, '2026-03-12 06:41:43.413+00', NULL) ON CONFLICT (id) DO NOTHING;
INSERT INTO "ProductVariant" ("id", "productId", "name", "price", "allowBidding", "description", "sortOrder", "createdAt", "deliveryTimeHours") VALUES ('cmmn7pykq0004fgub01h1ip2y', 'cmmn7pyka0003fgubqxhcpux1', 'mail 2009-2012', 200000, false, NULL, 0, '2026-03-12 08:35:12.074+00', NULL) ON CONFLICT (id) DO NOTHING;
INSERT INTO "ProductVariant" ("id", "productId", "name", "price", "allowBidding", "description", "sortOrder", "createdAt", "deliveryTimeHours") VALUES ('cmmn7pykx0005fgub4ppggq3v', 'cmmn7pyka0003fgubqxhcpux1', 'mail 2015-2020', 100000, false, NULL, 1, '2026-03-12 08:35:12.081+00', NULL) ON CONFLICT (id) DO NOTHING;
INSERT INTO "ProductVariant" ("id", "productId", "name", "price", "allowBidding", "description", "sortOrder", "createdAt", "deliveryTimeHours") VALUES ('cmmo6tldc0001vgub3urm575z', 'cmmo6tld50000vgubte6sejxs', 'mail 2013-2005', 20000, false, NULL, 0, '2026-03-13 00:57:48.144+00', NULL) ON CONFLICT (id) DO NOTHING;
INSERT INTO "ProductVariant" ("id", "productId", "name", "price", "allowBidding", "description", "sortOrder", "createdAt", "deliveryTimeHours") VALUES ('cmmolr7tt000i20ub5aqp0ytw', 'cmmolr7tl000h20ubje3b1kst', '2020-2022', 50000, false, 'Email cổ', 0, '2026-03-13 07:55:51.521+00', NULL) ON CONFLICT (id) DO NOTHING;
INSERT INTO "ProductVariant" ("id", "productId", "name", "price", "allowBidding", "description", "sortOrder", "createdAt", "deliveryTimeHours") VALUES ('cmmolr7tx000j20ubfeb40e86', 'cmmolr7tl000h20ubje3b1kst', '2018-2009', 100000, false, 'Email mới', 1, '2026-03-13 07:55:51.525+00', NULL) ON CONFLICT (id) DO NOTHING;
INSERT INTO "ProductVariant" ("id", "productId", "name", "price", "allowBidding", "description", "sortOrder", "createdAt", "deliveryTimeHours") VALUES ('cmmose8hf0000v8ub76l50vy0', 'cmmolr7tl000h20ubje3b1kst', '202-2026', 20000, false, NULL, 2, '2026-03-13 11:01:43.155+00', NULL) ON CONFLICT (id) DO NOTHING;
INSERT INTO "ProductVariant" ("id", "productId", "name", "price", "allowBidding", "description", "sortOrder", "createdAt", "deliveryTimeHours") VALUES ('cmmpp0pp500008gub58i1p1zp', 'cmmpopbl30000r4ub1u4ubiny', 'thiết kế website', 0, true, NULL, 1, '2026-03-14 02:14:59.609+00', NULL) ON CONFLICT (id) DO NOTHING;
INSERT INTO "ProductVariant" ("id", "productId", "name", "price", "allowBidding", "description", "sortOrder", "createdAt", "deliveryTimeHours") VALUES ('cmmppgoq100098gubl8dcrinn', 'cmmppgopu00088gubfdvot4fd', 'phần mềm', 0, true, '', 0, '2026-03-14 02:27:24.841+00', NULL) ON CONFLICT (id) DO NOTHING;
INSERT INTO "ProductVariant" ("id", "productId", "name", "price", "allowBidding", "description", "sortOrder", "createdAt", "deliveryTimeHours") VALUES ('cmmpqk1ra0003owubbvg8bhho', 'cmmpqjcnr0001owub3v205bab', 'aa', 0, true, NULL, 1, '2026-03-14 02:58:01.318+00', NULL) ON CONFLICT (id) DO NOTHING;
INSERT INTO "ProductVariant" ("id", "productId", "name", "price", "allowBidding", "description", "sortOrder", "createdAt", "deliveryTimeHours") VALUES ('cmmpw33nz000fy0ub4oj420mc', 'cmmpw2l4x000dy0ubw1mhs0x1', 'chán', 0, true, NULL, 1, '2026-03-14 05:32:48.335+00', NULL) ON CONFLICT (id) DO NOTHING;

-- Table: ProductItem
INSERT INTO "ProductItem" ("id", "productId", "variantId", "content", "isSold", "soldAt", "createdAt") VALUES ('cmmmy1yk400002cub2hrtf13n', 'cmmmrkf2300005wub2f8xtgvv', 'cmmmrkf2600015wubtpe6gzkw', 'kumarbulet1000@gmail.com	VAwY93xxx	kumarbulthoaminh0607@naver.com	2ooh xehr usg2 43ri jeub xnp2 55rq xxx', true, '2026-03-12 04:05:16.369+00', '2026-03-12 04:04:35.763+00') ON CONFLICT (id) DO NOTHING;
INSERT INTO "ProductItem" ("id", "productId", "variantId", "content", "isSold", "soldAt", "createdAt") VALUES ('cmmmy1yk400012cubutjavafh', 'cmmmrkf2300005wub2f8xtgvv', 'cmmmrkf2600015wubtpe6gzkw', 'carmelinafernandes42@gmail.com	48IAuuxxx	nayQ5Cphuongminh0207@naver.com	7hfr timn 2dks n3ov s4z6 lpr4 43rl xxx', true, '2026-03-12 04:05:16.369+00', '2026-03-12 04:04:35.763+00') ON CONFLICT (id) DO NOTHING;
INSERT INTO "ProductItem" ("id", "productId", "variantId", "content", "isSold", "soldAt", "createdAt") VALUES ('cmmmy1yk500022cubkmkyk3uv', 'cmmmrkf2300005wub2f8xtgvv', 'cmmmrkf2600015wubtpe6gzkw', 'sunnykumarram0167@gmail.com	6XkWT5xxx	drffdhchuongminh0507@naver.com	cdvl bygu pxr7 cjsr ph2o i26e 6fyl xxx', false, NULL, '2026-03-12 04:04:35.763+00') ON CONFLICT (id) DO NOTHING;
INSERT INTO "ProductItem" ("id", "productId", "variantId", "content", "isSold", "soldAt", "createdAt") VALUES ('cmmmy1yk500032cubfhx8yev2', 'cmmmrkf2300005wub2f8xtgvv', 'cmmmrkf2600015wubtpe6gzkw', 'snagulmeera666@gmail.com	#G7*S&xxx	snagulmethoaminh0407@naver.com	fj6e bbot hkn7 xq5b leno ddg6 m7vs xxx', false, NULL, '2026-03-12 04:04:35.763+00') ON CONFLICT (id) DO NOTHING;
INSERT INTO "ProductItem" ("id", "productId", "variantId", "content", "isSold", "soldAt", "createdAt") VALUES ('cmmmy1yk500042cubwb0gt9l7', 'cmmmrkf2300005wub2f8xtgvv', 'cmmmrkf2600015wubtpe6gzkw', 'rravikumaradicherla@gmail.com	uL0BgDxxx	rravikumthoaminh0407@naver.com	k3sd 5mcg 5sqn a6re 4t5v j4mv yzj5 xxx', false, NULL, '2026-03-12 04:04:35.763+00') ON CONFLICT (id) DO NOTHING;
INSERT INTO "ProductItem" ("id", "productId", "variantId", "content", "isSold", "soldAt", "createdAt") VALUES ('cmmmy1yk500052cubgfze88u7', 'cmmmrkf2300005wub2f8xtgvv', 'cmmmrkf2600015wubtpe6gzkw', 'bidlapardeep4@gmail.com	VqOkpfYxxx	bidlapardthoaminh3006@naver.com	i3pu jnxi peqy 3af7 nzkl nzro rx77 yr53', false, NULL, '2026-03-12 04:04:35.763+00') ON CONFLICT (id) DO NOTHING;
INSERT INTO "ProductItem" ("id", "productId", "variantId", "content", "isSold", "soldAt", "createdAt") VALUES ('cmmmy215k00062cubz5sfe5su', 'cmmmrkf2300005wub2f8xtgvv', 'cmmmrkf2800025wubb8uu0f4i', 'jammudamor@gmail.com	B1yg$QExxx	jammudathoaminh0707@naver.com	eelv en5y 7krc flbf b5bq nx6f 25h6 b457', false, NULL, '2026-03-12 04:04:39.128+00') ON CONFLICT (id) DO NOTHING;
INSERT INTO "ProductItem" ("id", "productId", "variantId", "content", "isSold", "soldAt", "createdAt") VALUES ('cmmmy215k00072cubu5k9jv2c', 'cmmmrkf2300005wub2f8xtgvv', 'cmmmrkf2800025wubb8uu0f4i', 'ashu72375@gmail.com	YZYTF40xxx	ashu72thoaminh0507@naver.com	dsmw dqc3 7zxl hjq4 blvq xyxt v5ia 6yka', false, NULL, '2026-03-12 04:04:39.128+00') ON CONFLICT (id) DO NOTHING;
INSERT INTO "ProductItem" ("id", "productId", "variantId", "content", "isSold", "soldAt", "createdAt") VALUES ('cmmn3o0zj0002fgubm19j22vo', 'cmmn3o0z20000fgub6bid1ej3', 'cmmn3o0z90001fgubsquung3w', 'kumarbulet1000@gmail.com|VAwY93L1rR|kumarbulthoaminh0607@naver.com|2ooh xehr usg2 43ri jeub xnp2 55rq xjtj', false, NULL, '2026-03-12 06:41:43.421+00') ON CONFLICT (id) DO NOTHING;
INSERT INTO "ProductItem" ("id", "productId", "variantId", "content", "isSold", "soldAt", "createdAt") VALUES ('cmmn7pylh0006fgubrxhmmxaf', 'cmmn7pyka0003fgubqxhcpux1', 'cmmn7pykq0004fgub01h1ip2y', 'kumarbulet1000@gmail.com|VAwY93L1rR|kumarbulthoaminh0607@naver.com|2ooh xehr usg2 43ri jeub xnp2 55rq xxxx', false, NULL, '2026-03-12 08:35:12.096+00') ON CONFLICT (id) DO NOTHING;
INSERT INTO "ProductItem" ("id", "productId", "variantId", "content", "isSold", "soldAt", "createdAt") VALUES ('cmmn7qvub0007fgub66827592', 'cmmn7pyka0003fgubqxhcpux1', 'cmmn7pykq0004fgub01h1ip2y', 'carmelinafernandes42@gmail.com|48IAuu7OTz|nayQ5Cphuongminh0207@naver.com|7hfr timn 2dks n3ov s4z6 lpr4 43rl zcwj', false, NULL, '2026-03-12 08:35:55.187+00') ON CONFLICT (id) DO NOTHING;
INSERT INTO "ProductItem" ("id", "productId", "variantId", "content", "isSold", "soldAt", "createdAt") VALUES ('cmmndd0w10000w4ubk60c721a', 'cmmn7pyka0003fgubqxhcpux1', 'cmmn7pykq0004fgub01h1ip2y', 'sunnykumarram0167@gmail.com|6XkWT5JeuC|drffdhchuongminh0507@naver.com|cdvl bygu pxr7 cjsr ph2o i26e 6fyl uxx', false, NULL, '2026-03-12 11:13:06.239+00') ON CONFLICT (id) DO NOTHING;
INSERT INTO "ProductItem" ("id", "productId", "variantId", "content", "isSold", "soldAt", "createdAt") VALUES ('cmmndd0w10001w4ubz0z59jnz', 'cmmn7pyka0003fgubqxhcpux1', 'cmmn7pykq0004fgub01h1ip2y', 'snagulmeera666@gmail.com|#G7*S&9q^J|snagulmethoaminh0407@naver.com|fj6e bbot hkn7 xq5b leno ddg6 m7vs hxxx', false, NULL, '2026-03-12 11:13:06.239+00') ON CONFLICT (id) DO NOTHING;
INSERT INTO "ProductItem" ("id", "productId", "variantId", "content", "isSold", "soldAt", "createdAt") VALUES ('cmmndd0w10002w4ubmgs679kn', 'cmmn7pyka0003fgubqxhcpux1', 'cmmn7pykq0004fgub01h1ip2y', 'rravikumaradicherla@gmail.com|uL0BgDHTpd|rravikumthoaminh0407@naver.com|k3sd 5mcg 5sqn a6re 4t5v j4mv yzj5 txxx', false, NULL, '2026-03-12 11:13:06.239+00') ON CONFLICT (id) DO NOTHING;
INSERT INTO "ProductItem" ("id", "productId", "variantId", "content", "isSold", "soldAt", "createdAt") VALUES ('cmmnhk0ll0004owubxxeem0oz', 'cmmmtrk7a000050ubkhu1ksqu', 'cmmmtrk7h000150ub1uvgjcgo', 'sunnykumarram0167@gmail.com|6XkWT5JeuC|drffdhchuongminh0507@naver.com|cdvl bygu pxr7 cjsr ph2o i26e 6fyl uxx', true, '2026-03-12 13:13:03.951+00', '2026-03-12 13:10:30.920+00') ON CONFLICT (id) DO NOTHING;
INSERT INTO "ProductItem" ("id", "productId", "variantId", "content", "isSold", "soldAt", "createdAt") VALUES ('cmmnhk0ll0005owubqmu7is4w', 'cmmmtrk7a000050ubkhu1ksqu', 'cmmmtrk7h000150ub1uvgjcgo', 'snagulmeera666@gmail.com|#G7*S&9q^J|snagulmethoaminh0407@naver.com|fj6e bbot hkn7 xq5b leno ddg6 m7vs hxxx', true, '2026-03-12 13:13:03.951+00', '2026-03-12 13:10:30.920+00') ON CONFLICT (id) DO NOTHING;
INSERT INTO "ProductItem" ("id", "productId", "variantId", "content", "isSold", "soldAt", "createdAt") VALUES ('cmmnhk0ll0006owubkb2zzxb7', 'cmmmtrk7a000050ubkhu1ksqu', 'cmmmtrk7h000150ub1uvgjcgo', 'rravikumaradicherla@gmail.com|uL0BgDHTpd|rravikumthoaminh0407@naver.com|k3sd 5mcg 5sqn a6re 4t5v j4mv yzj5 txxx', true, '2026-03-12 13:13:03.951+00', '2026-03-12 13:10:30.920+00') ON CONFLICT (id) DO NOTHING;
INSERT INTO "ProductItem" ("id", "productId", "variantId", "content", "isSold", "soldAt", "createdAt") VALUES ('cmmnhmqjk0007owubq9eos8ve', 'cmmmtrk7a000050ubkhu1ksqu', 'cmmmtrk7h000150ub1uvgjcgo', 'bidlapardeep4@gmail.com|VqOkpfY1H&|bidlapardthoaminh3006@naver.com|i3pu jnxi peqy 3af7 nzkl nzro rx77 yr53', true, '2026-03-12 13:13:03.951+00', '2026-03-12 13:12:37.856+00') ON CONFLICT (id) DO NOTHING;
INSERT INTO "ProductItem" ("id", "productId", "variantId", "content", "isSold", "soldAt", "createdAt") VALUES ('cmmnhmqjk0008owubxq1yswqx', 'cmmmtrk7a000050ubkhu1ksqu', 'cmmmtrk7h000150ub1uvgjcgo', 'ashu72375@gmail.com|YZYTF40a54|ashu72thoaminh0507@naver.com|dsmw dqc3 7zxl hjq4 blvq xyxt v5ia 6yka', true, '2026-03-12 13:25:32.019+00', '2026-03-12 13:12:37.856+00') ON CONFLICT (id) DO NOTHING;
INSERT INTO "ProductItem" ("id", "productId", "variantId", "content", "isSold", "soldAt", "createdAt") VALUES ('cmmnhmqjk0009owub0hq139u8', 'cmmmtrk7a000050ubkhu1ksqu', 'cmmmtrk7h000150ub1uvgjcgo', 'jammudamor@gmail.com|B1yg$QEB$j|jammudathoaminh0707@naver.com|eelv en5y 7krc flbf b5bq nx6f 25h6 b457', true, '2026-03-12 13:25:32.019+00', '2026-03-12 13:12:37.856+00') ON CONFLICT (id) DO NOTHING;
INSERT INTO "ProductItem" ("id", "productId", "variantId", "content", "isSold", "soldAt", "createdAt") VALUES ('cmmnhmqjk000aowubzwrg1qvf', 'cmmmtrk7a000050ubkhu1ksqu', 'cmmmtrk7h000150ub1uvgjcgo', 'gm9151069@gmail.com|*iGFkyh6iz|dfhfchuongminh0207@naver.com|y4hc 7n7u qig5 sk5m gfiw qb75 snwy 7dwt', true, '2026-03-12 13:43:05.825+00', '2026-03-12 13:12:37.856+00') ON CONFLICT (id) DO NOTHING;
INSERT INTO "ProductItem" ("id", "productId", "variantId", "content", "isSold", "soldAt", "createdAt") VALUES ('cmmojvbzp000520ubmeu8zr4e', 'cmmmtrk7a000050ubkhu1ksqu', 'cmmmtrk7h000150ub1uvgjcgo', 'bidlapardeeps4@gmail.com|VqOkpfY1H&|bidlapardthoaminh3006@naver.com|i3pu jnxi peqy 3af7 nzkl nzro rx77 yr53', true, '2026-03-13 07:03:31.883+00', '2026-03-13 07:03:04.308+00') ON CONFLICT (id) DO NOTHING;
INSERT INTO "ProductItem" ("id", "productId", "variantId", "content", "isSold", "soldAt", "createdAt") VALUES ('cmmojvbzp000620ubpjdwciwl', 'cmmmtrk7a000050ubkhu1ksqu', 'cmmmtrk7h000150ub1uvgjcgo', 'ashu72375s@gmail.com|YZYTF40a54|ashu72thoaminh0507@naver.com|dsmw dqc3 7zxl hjq4 blvq xyxt v5ia 6yka', true, '2026-03-13 07:03:31.883+00', '2026-03-13 07:03:04.308+00') ON CONFLICT (id) DO NOTHING;
INSERT INTO "ProductItem" ("id", "productId", "variantId", "content", "isSold", "soldAt", "createdAt") VALUES ('cmmojvbzp000720uboq9e7xoj', 'cmmmtrk7a000050ubkhu1ksqu', 'cmmmtrk7h000150ub1uvgjcgo', 'jammudamsor@gmail.com|B1yg$QEB$j|jammudathoaminh0707@naver.com|eelv en5y 7krc flbf b5bq nx6f 25h6 b457', true, '2026-03-13 08:14:52.291+00', '2026-03-13 07:03:04.308+00') ON CONFLICT (id) DO NOTHING;
INSERT INTO "ProductItem" ("id", "productId", "variantId", "content", "isSold", "soldAt", "createdAt") VALUES ('cmmojvbzq000820ubs8jq0h1i', 'cmmmtrk7a000050ubkhu1ksqu', 'cmmmtrk7h000150ub1uvgjcgo', 'gm915106s9@gmail.com|*iGFkyh6iz|dfhfchuongminh0207@naver.com|y4hc 7n7u qig5 sk5m gfiw qb75 snwy 7dwt', true, '2026-03-13 08:14:52.291+00', '2026-03-13 07:03:04.308+00') ON CONFLICT (id) DO NOTHING;
INSERT INTO "ProductItem" ("id", "productId", "variantId", "content", "isSold", "soldAt", "createdAt") VALUES ('cmmolroxp000k20ubeg3wjdql', 'cmmolr7tl000h20ubje3b1kst', 'cmmolr7tt000i20ub5aqp0ytw', 'bidlapasrdeeps4@gmail.com|VqOkpfY1H&|bidlapardthoaminh3006@naver.com|i3pu jnxi peqy 3af7 nzkl nzro rx77 yr53', false, NULL, '2026-03-13 07:56:13.692+00') ON CONFLICT (id) DO NOTHING;
INSERT INTO "ProductItem" ("id", "productId", "variantId", "content", "isSold", "soldAt", "createdAt") VALUES ('cmmolroxp000l20ubqyg2f277', 'cmmolr7tl000h20ubje3b1kst', 'cmmolr7tt000i20ub5aqp0ytw', 'ashu723s75s@gmail.com|YZYTF40a54|ashu72thoaminh0507@naver.com|dsmw dqc3 7zxl hjq4 blvq xyxt v5ia 6yka', false, NULL, '2026-03-13 07:56:13.692+00') ON CONFLICT (id) DO NOTHING;
INSERT INTO "ProductItem" ("id", "productId", "variantId", "content", "isSold", "soldAt", "createdAt") VALUES ('cmmolroxq000m20ublrn2zw8f', 'cmmolr7tl000h20ubje3b1kst', 'cmmolr7tt000i20ub5aqp0ytw', 'jammudasmsor@gmail.com|B1yg$QEB$j|jammudathoaminh0707@naver.com|eelv en5y 7krc flbf b5bq nx6f 25h6 b457', false, NULL, '2026-03-13 07:56:13.692+00') ON CONFLICT (id) DO NOTHING;
INSERT INTO "ProductItem" ("id", "productId", "variantId", "content", "isSold", "soldAt", "createdAt") VALUES ('cmmolroxq000n20ubafks5stv', 'cmmolr7tl000h20ubje3b1kst', 'cmmolr7tt000i20ub5aqp0ytw', 'gm91510s6s9@gmail.com|*iGFkyh6iz|dfhfchuongminh0207@naver.com|y4hc 7n7u qig5 sk5m gfiw qb75 snwy 7dwt', false, NULL, '2026-03-13 07:56:13.692+00') ON CONFLICT (id) DO NOTHING;
INSERT INTO "ProductItem" ("id", "productId", "variantId", "content", "isSold", "soldAt", "createdAt") VALUES ('cmmolxvil000p20ub7ng2qo5c', 'cmmolr7tl000h20ubje3b1kst', 'cmmolr7tx000j20ubfeb40e86', 'bidlapasrdeeps4@gmail.com|VqOkpfY1H&|bidlapardthoamindh3006@naver.com|i3pu jnxi peqy 3af7 nzkl nzro rx77 yr53', false, NULL, '2026-03-13 08:01:02.156+00') ON CONFLICT (id) DO NOTHING;
INSERT INTO "ProductItem" ("id", "productId", "variantId", "content", "isSold", "soldAt", "createdAt") VALUES ('cmmolxvil000q20ubnwlqakz8', 'cmmolr7tl000h20ubje3b1kst', 'cmmolr7tx000j20ubfeb40e86', 'ashu723s75s@gmail.com|YZYTF40a54|ashu72thoaminhd0507@naver.com|dsmw dqc3 7zxl hjq4 blvq xyxt v5ia 6yka', false, NULL, '2026-03-13 08:01:02.156+00') ON CONFLICT (id) DO NOTHING;
INSERT INTO "ProductItem" ("id", "productId", "variantId", "content", "isSold", "soldAt", "createdAt") VALUES ('cmmolxvil000r20ubz8i7i6wd', 'cmmolr7tl000h20ubje3b1kst', 'cmmolr7tx000j20ubfeb40e86', 'jammudasmsor@gmail.com|B1yg$QEB$j|jammudathoadminh0707@naver.com|eelv en5y 7krc flbf b5bq nx6f 25h6 b457', false, NULL, '2026-03-13 08:01:02.156+00') ON CONFLICT (id) DO NOTHING;
INSERT INTO "ProductItem" ("id", "productId", "variantId", "content", "isSold", "soldAt", "createdAt") VALUES ('cmmolxvil000s20ubuymsc23t', 'cmmolr7tl000h20ubje3b1kst', 'cmmolr7tx000j20ubfeb40e86', 'gm91510s6s9@gmail.com|*iGFkyh6iz|dfhfchuongmidnh0207@naver.com|y4hc 7n7u qig5 sk5m gfiw qb75 snwy 7dwt', false, NULL, '2026-03-13 08:01:02.156+00') ON CONFLICT (id) DO NOTHING;
INSERT INTO "ProductItem" ("id", "productId", "variantId", "content", "isSold", "soldAt", "createdAt") VALUES ('cmmolz4bn000t20ub5r5ij9in', 'cmmolr7tl000h20ubje3b1kst', 'cmmolr7tx000j20ubfeb40e86', 'biddasdlapasrdeeps4@gmail.com|VqOkpfY1H&|bidlapadrdthoamindh3006@naver.com|i3pu jnxi peqy 3af7 nzkl nzro rx77 yr53', false, NULL, '2026-03-13 08:02:00.226+00') ON CONFLICT (id) DO NOTHING;
INSERT INTO "ProductItem" ("id", "productId", "variantId", "content", "isSold", "soldAt", "createdAt") VALUES ('cmmosguiz0001v8ubu4dsfvyn', 'cmmolr7tl000h20ubje3b1kst', 'cmmose8hf0000v8ub76l50vy0', 'bidlapardeeps4@gmail.com|VqOkpfY1H&|bidlapardthoaminh3006@naver.com|i3pu jnxi peqy 3af7 nzkl nzro rx77 yr53', true, '2026-03-13 15:01:20.355+00', '2026-03-13 11:03:45.033+00') ON CONFLICT (id) DO NOTHING;
INSERT INTO "ProductItem" ("id", "productId", "variantId", "content", "isSold", "soldAt", "createdAt") VALUES ('cmmosguiz0002v8ubq3e428v7', 'cmmolr7tl000h20ubje3b1kst', 'cmmose8hf0000v8ub76l50vy0', 'ashu72375s@gmail.com|YZYTF40a54|ashu72thoaminh0507@naver.com|dsmw dqc3 7zxl hjq4 blvq xyxt v5ia 6yka', true, '2026-03-13 15:01:20.355+00', '2026-03-13 11:03:45.033+00') ON CONFLICT (id) DO NOTHING;
INSERT INTO "ProductItem" ("id", "productId", "variantId", "content", "isSold", "soldAt", "createdAt") VALUES ('cmmosguj00003v8ub9s8mtrud', 'cmmolr7tl000h20ubje3b1kst', 'cmmose8hf0000v8ub76l50vy0', 'jammudamsor@gmail.com|B1yg$QEB$j|jammudathoaminh0707@naver.com|eelv en5y 7krc flbf b5bq nx6f 25h6 b457', true, '2026-03-13 15:07:13.374+00', '2026-03-13 11:03:45.033+00') ON CONFLICT (id) DO NOTHING;
INSERT INTO "ProductItem" ("id", "productId", "variantId", "content", "isSold", "soldAt", "createdAt") VALUES ('cmmosguj00004v8ubff1hp8fx', 'cmmolr7tl000h20ubje3b1kst', 'cmmose8hf0000v8ub76l50vy0', 'gm915106s9@gmail.com|*iGFkyh6iz|dfhfchuongminh0207@naver.com|y4hc 7n7u qig5 sk5m gfiw qb75 snwy 7dwt', false, NULL, '2026-03-13 11:03:45.033+00') ON CONFLICT (id) DO NOTHING;
INSERT INTO "ProductItem" ("id", "productId", "variantId", "content", "isSold", "soldAt", "createdAt") VALUES ('cmmoshnor0005v8ubzzygcghc', 'cmmolr7tl000h20ubje3b1kst', 'cmmose8hf0000v8ub76l50vy0', 'bidlapasrdeseps4@gmail.com|VqOkpfY1H&|bidlapardthoaminh3006@naver.com|i3pu jnxi peqy 3af7 nzkl nzro rx77 yr53', false, NULL, '2026-03-13 11:04:22.827+00') ON CONFLICT (id) DO NOTHING;
INSERT INTO "ProductItem" ("id", "productId", "variantId", "content", "isSold", "soldAt", "createdAt") VALUES ('cmmoshnor0006v8uboe5ijfni', 'cmmolr7tl000h20ubje3b1kst', 'cmmose8hf0000v8ub76l50vy0', 'ashu723s7s5s@gmail.com|YZYTF40a54|ashu72thoaminh0507@naver.com|dsmw dqc3 7zxl hjq4 blvq xyxt v5ia 6yka', false, NULL, '2026-03-13 11:04:22.827+00') ON CONFLICT (id) DO NOTHING;
INSERT INTO "ProductItem" ("id", "productId", "variantId", "content", "isSold", "soldAt", "createdAt") VALUES ('cmmoshnor0007v8ubn9q1oqmy', 'cmmolr7tl000h20ubje3b1kst', 'cmmose8hf0000v8ub76l50vy0', 'jammudasmssor@gmail.com|B1yg$QEB$j|jammudathoaminh0707@naver.com|eelv en5y 7krc flbf b5bq nx6f 25h6 b457', false, NULL, '2026-03-13 11:04:22.827+00') ON CONFLICT (id) DO NOTHING;
INSERT INTO "ProductItem" ("id", "productId", "variantId", "content", "isSold", "soldAt", "createdAt") VALUES ('cmmoshnor0008v8ubciv8af90', 'cmmolr7tl000h20ubje3b1kst', 'cmmose8hf0000v8ub76l50vy0', 'gm91510s6ss9@gmail.com|*iGFkyh6iz|dfhfchuongminh0207@naver.com|y4hc 7n7u qig5 sk5m gfiw qb75 snwy 7dwt', false, NULL, '2026-03-13 11:04:22.827+00') ON CONFLICT (id) DO NOTHING;
INSERT INTO "ProductItem" ("id", "productId", "variantId", "content", "isSold", "soldAt", "createdAt") VALUES ('cmmowjlwl0003w0ubqgc8cjn0', 'cmmmtrk7a000050ubkhu1ksqu', 'cmmmtrk7h000150ub1uvgjcgo', 'bidlapasrdesesps4@gmail.com|VqOkpfY1H&|bidlapardthoaminh3006@naver.com|i3pu jnxi peqy 3af7 nzkl nzro rx77 yr53', true, '2026-03-13 12:57:52.307+00', '2026-03-13 12:57:52.292+00') ON CONFLICT (id) DO NOTHING;
INSERT INTO "ProductItem" ("id", "productId", "variantId", "content", "isSold", "soldAt", "createdAt") VALUES ('cmmowjlwl0004w0ubpx3o01ks', 'cmmmtrk7a000050ubkhu1ksqu', 'cmmmtrk7h000150ub1uvgjcgo', 'ashu723s7s5ss@gmail.com|YZYTF40a54|ashu72thoaminh0507@naver.com|dsmw dqc3 7zxl hjq4 blvq xyxt v5ia 6yka', true, '2026-03-13 12:57:52.307+00', '2026-03-13 12:57:52.292+00') ON CONFLICT (id) DO NOTHING;
INSERT INTO "ProductItem" ("id", "productId", "variantId", "content", "isSold", "soldAt", "createdAt") VALUES ('cmmowjlwl0005w0ubnye3lzp6', 'cmmmtrk7a000050ubkhu1ksqu', 'cmmmtrk7h000150ub1uvgjcgo', 'jammudasmsssor@gmail.com|B1yg$QEB$j|jammudathoaminh0707@naver.com|eelv en5y 7krc flbf b5bq nx6f 25h6 b457', false, NULL, '2026-03-13 12:57:52.292+00') ON CONFLICT (id) DO NOTHING;
INSERT INTO "ProductItem" ("id", "productId", "variantId", "content", "isSold", "soldAt", "createdAt") VALUES ('cmmowjlwl0006w0ubfesyk9xa', 'cmmmtrk7a000050ubkhu1ksqu', 'cmmmtrk7h000150ub1uvgjcgo', 'gm91510ss6ss9@gmail.com|*iGFkyh6iz|dfhfchuongminh0207@naver.com|y4hc 7n7u qig5 sk5m gfiw qb75 snwy 7dwt', false, NULL, '2026-03-13 12:57:52.292+00') ON CONFLICT (id) DO NOTHING;
INSERT INTO "ProductItem" ("id", "productId", "variantId", "content", "isSold", "soldAt", "createdAt") VALUES ('cmmowjlwl0007w0ubjgx21vn8', 'cmmmtrk7a000050ubkhu1ksqu', 'cmmmtrk7h000150ub1uvgjcgo', 'gm915e10ss6ss9@gmail.com|*iGFkyh6iz|dfhfchuongminh0207@naver.com|y4hc 7n7u qig5 sk5m gfiw qb75 snwy 7dwt', false, NULL, '2026-03-13 12:57:52.292+00') ON CONFLICT (id) DO NOTHING;
INSERT INTO "ProductItem" ("id", "productId", "variantId", "content", "isSold", "soldAt", "createdAt") VALUES ('cmmowjlwl0008w0ubxtpq34k0', 'cmmmtrk7a000050ubkhu1ksqu', 'cmmmtrk7h000150ub1uvgjcgo', 'gm915e10ss6ss9@gmail.com|*iGFkyh6iz|dfhfchuongminh0207@naver.com|y4hc 7n7u qig5 sk5m gfiw qb75 snwy 7dwt', false, NULL, '2026-03-13 12:57:52.292+00') ON CONFLICT (id) DO NOTHING;
INSERT INTO "ProductItem" ("id", "productId", "variantId", "content", "isSold", "soldAt", "createdAt") VALUES ('cmmowl51j000aw0ub2xeo6eso', 'cmmmtrk7a000050ubkhu1ksqu', 'cmmmtrk7h000150ub1uvgjcgo', 'bidlapasrdesesps4@gmail.com|VqOkpfY1H&|bidlapardthoaminh3006@naver.com|i3pu jnxi peqy 3af7 nzkl nzro rx77 yr53', false, NULL, '2026-03-13 12:59:03.751+00') ON CONFLICT (id) DO NOTHING;
INSERT INTO "ProductItem" ("id", "productId", "variantId", "content", "isSold", "soldAt", "createdAt") VALUES ('cmmowl51j000bw0ubv0h8k315', 'cmmmtrk7a000050ubkhu1ksqu', 'cmmmtrk7h000150ub1uvgjcgo', 'ashu723s7s5dss@gmail.com|YZYTF40a54|ashu72thoaminh0507@naver.com|dsmw dqc3 7zxl hjq4 blvq xyxt v5ia 6yka', false, NULL, '2026-03-13 12:59:03.751+00') ON CONFLICT (id) DO NOTHING;
INSERT INTO "ProductItem" ("id", "productId", "variantId", "content", "isSold", "soldAt", "createdAt") VALUES ('cmmowl51j000cw0ubvfnzez53', 'cmmmtrk7a000050ubkhu1ksqu', 'cmmmtrk7h000150ub1uvgjcgo', 'jammuddasmsssor@gmail.com|B1yg$QEB$j|jammudathoaminh0707@naver.com|eelv en5y 7krc flbf b5bq nx6f 25h6 b457', false, NULL, '2026-03-13 12:59:03.751+00') ON CONFLICT (id) DO NOTHING;
INSERT INTO "ProductItem" ("id", "productId", "variantId", "content", "isSold", "soldAt", "createdAt") VALUES ('cmmowl51j000dw0ubmil8mp4n', 'cmmmtrk7a000050ubkhu1ksqu', 'cmmmtrk7h000150ub1uvgjcgo', 'gm915ed10ss6ss9@gmail.com|*iGFkyh6iz|dfhfchuongminh0207@naver.com|y4hc 7n7u qig5 sk5m gfiw qb75 snwy 7dwt', false, NULL, '2026-03-13 12:59:03.751+00') ON CONFLICT (id) DO NOTHING;
INSERT INTO "ProductItem" ("id", "productId", "variantId", "content", "isSold", "soldAt", "createdAt") VALUES ('cmmowl51j000ew0ubrzq5ssc3', 'cmmmtrk7a000050ubkhu1ksqu', 'cmmmtrk7h000150ub1uvgjcgo', 'gmd915ed10ss6ss9@gmail.com|*iGFkyh6iz|dfhfchuongminh0207@naver.com|y4hc 7n7u qig5 sk5m gfiw qb75 snwy 7dwt', false, NULL, '2026-03-13 12:59:03.751+00') ON CONFLICT (id) DO NOTHING;

-- Table: Order
INSERT INTO "Order" ("id", "buyerId", "sellerId", "productId", "variantId", "variantName", "quantity", "amount", "fee", "status", "deliveredContent", "warrantyExpire", "couponCode", "discountAmount", "createdAt", "updatedAt", "buyerConfirmedAt", "customPrice", "deliveredAt", "startedAt", "negotiatedDeliveryHours", "pendingExtensionHours") VALUES ('cmmmy2twa00082cubg3f4wozr', 'cmmlti6s6000180ub3xz4lzfc', 'cmmlti6s6000280ubakwfo16p', 'cmmmrkf2300005wub2f8xtgvv', NULL, 'gmail 2009-2015', 1, 200000, 10000, 'COMPLETED', 'kumarbulet1000@gmail.com	VAwY93xxx	kumarbulthoaminh0607@naver.com	2ooh xehr usg2 43ri jeub xnp2 55rq xxx
carmelinafernandes42@gmail.com	48IAuuxxx	nayQ5Cphuongminh0207@naver.com	7hfr timn 2dks n3ov s4z6 lpr4 43rl xxx', '2026-03-19 04:05:16.369+00', NULL, 0, '2026-03-12 04:05:16.378+00', '2026-03-13 12:04:28.055+00', NULL, NULL, NULL, NULL, NULL, NULL) ON CONFLICT (id) DO NOTHING;
INSERT INTO "Order" ("id", "buyerId", "sellerId", "productId", "variantId", "variantName", "quantity", "amount", "fee", "status", "deliveredContent", "warrantyExpire", "couponCode", "discountAmount", "createdAt", "updatedAt", "buyerConfirmedAt", "customPrice", "deliveredAt", "startedAt", "negotiatedDeliveryHours", "pendingExtensionHours") VALUES ('cmmnhnaom000bowubqx6ryt2f', 'cmmlti6s6000180ub3xz4lzfc', 'cmmlti6s6000280ubakwfo16p', 'cmmmtrk7a000050ubkhu1ksqu', NULL, '222', 4, 8000, 400, 'COMPLETED', 'sunnykumarram0167@gmail.com|6XkWT5JeuC|drffdhchuongminh0507@naver.com|cdvl bygu pxr7 cjsr ph2o i26e 6fyl uxx
snagulmeera666@gmail.com|#G7*S&9q^J|snagulmethoaminh0407@naver.com|fj6e bbot hkn7 xq5b leno ddg6 m7vs hxxx
rravikumaradicherla@gmail.com|uL0BgDHTpd|rravikumthoaminh0407@naver.com|k3sd 5mcg 5sqn a6re 4t5v j4mv yzj5 txxx
bidlapardeep4@gmail.com|VqOkpfY1H&|bidlapardthoaminh3006@naver.com|i3pu jnxi peqy 3af7 nzkl nzro rx77 yr53', '2026-03-15 13:13:03.951+00', NULL, 0, '2026-03-12 13:13:03.958+00', '2026-03-13 12:00:36.945+00', NULL, NULL, NULL, NULL, NULL, NULL) ON CONFLICT (id) DO NOTHING;
INSERT INTO "Order" ("id", "buyerId", "sellerId", "productId", "variantId", "variantName", "quantity", "amount", "fee", "status", "deliveredContent", "warrantyExpire", "couponCode", "discountAmount", "createdAt", "updatedAt", "buyerConfirmedAt", "customPrice", "deliveredAt", "startedAt", "negotiatedDeliveryHours", "pendingExtensionHours") VALUES ('cmmni3bw5000nowub3nlyrcem', 'cmmlti6s6000180ub3xz4lzfc', 'cmmlti6s6000280ubakwfo16p', 'cmmmtrk7a000050ubkhu1ksqu', NULL, '222', 2, 4000, 200, 'COMPLETED', 'ashu72375@gmail.com|YZYTF40a54|ashu72thoaminh0507@naver.com|dsmw dqc3 7zxl hjq4 blvq xyxt v5ia 6yka
jammudamor@gmail.com|B1yg$QEB$j|jammudathoaminh0707@naver.com|eelv en5y 7krc flbf b5bq nx6f 25h6 b457', '2026-03-15 13:25:32.019+00', NULL, 0, '2026-03-12 13:25:32.021+00', '2026-03-13 11:59:25.188+00', NULL, NULL, NULL, NULL, NULL, NULL) ON CONFLICT (id) DO NOTHING;
INSERT INTO "Order" ("id", "buyerId", "sellerId", "productId", "variantId", "variantName", "quantity", "amount", "fee", "status", "deliveredContent", "warrantyExpire", "couponCode", "discountAmount", "createdAt", "updatedAt", "buyerConfirmedAt", "customPrice", "deliveredAt", "startedAt", "negotiatedDeliveryHours", "pendingExtensionHours") VALUES ('cmmnipx0l000zowube8ta41co', 'cmmlti6s6000180ub3xz4lzfc', 'cmmlti6s6000280ubakwfo16p', 'cmmmtrk7a000050ubkhu1ksqu', NULL, '222', 1, 2000, 100, 'REFUNDED', 'gm9151069@gmail.com|*iGFkyh6iz|dfhfchuongminh0207@naver.com|y4hc 7n7u qig5 sk5m gfiw qb75 snwy 7dwt', '2026-03-15 13:43:05.825+00', NULL, 0, '2026-03-12 13:43:05.829+00', '2026-03-12 14:33:23.856+00', NULL, NULL, NULL, NULL, NULL, NULL) ON CONFLICT (id) DO NOTHING;
INSERT INTO "Order" ("id", "buyerId", "sellerId", "productId", "variantId", "variantName", "quantity", "amount", "fee", "status", "deliveredContent", "warrantyExpire", "couponCode", "discountAmount", "createdAt", "updatedAt", "buyerConfirmedAt", "customPrice", "deliveredAt", "startedAt", "negotiatedDeliveryHours", "pendingExtensionHours") VALUES ('cmmojvx9u000920ub9f86ti4r', 'cmmlti6s6000180ub3xz4lzfc', 'cmmlti6s6000280ubakwfo16p', 'cmmmtrk7a000050ubkhu1ksqu', NULL, '222', 2, 4000, 200, 'REFUNDED', 'bidlapardeeps4@gmail.com|VqOkpfY1H&|bidlapardthoaminh3006@naver.com|i3pu jnxi peqy 3af7 nzkl nzro rx77 yr53
ashu72375s@gmail.com|YZYTF40a54|ashu72thoaminh0507@naver.com|dsmw dqc3 7zxl hjq4 blvq xyxt v5ia 6yka', '2026-03-16 07:03:31.883+00', NULL, 0, '2026-03-13 07:03:31.890+00', '2026-03-13 07:14:12.052+00', NULL, NULL, NULL, NULL, NULL, NULL) ON CONFLICT (id) DO NOTHING;
INSERT INTO "Order" ("id", "buyerId", "sellerId", "productId", "variantId", "variantName", "quantity", "amount", "fee", "status", "deliveredContent", "warrantyExpire", "couponCode", "discountAmount", "createdAt", "updatedAt", "buyerConfirmedAt", "customPrice", "deliveredAt", "startedAt", "negotiatedDeliveryHours", "pendingExtensionHours") VALUES ('cmmomfo1y000v20ubf36fnn5e', 'cmmlti6s6000180ub3xz4lzfc', 'cmmlti6s6000280ubakwfo16p', 'cmmmtrk7a000050ubkhu1ksqu', NULL, '222', 2, 4000, 200, 'DISPUTED', 'jammudamsor@gmail.com|B1yg$QEB$j|jammudathoaminh0707@naver.com|eelv en5y 7krc flbf b5bq nx6f 25h6 b457
gm915106s9@gmail.com|*iGFkyh6iz|dfhfchuongminh0207@naver.com|y4hc 7n7u qig5 sk5m gfiw qb75 snwy 7dwt', '2026-03-16 08:14:52.291+00', NULL, 0, '2026-03-13 08:14:52.294+00', '2026-03-13 08:15:03.676+00', NULL, NULL, NULL, NULL, NULL, NULL) ON CONFLICT (id) DO NOTHING;
INSERT INTO "Order" ("id", "buyerId", "sellerId", "productId", "variantId", "variantName", "quantity", "amount", "fee", "status", "deliveredContent", "warrantyExpire", "couponCode", "discountAmount", "createdAt", "updatedAt", "buyerConfirmedAt", "customPrice", "deliveredAt", "startedAt", "negotiatedDeliveryHours", "pendingExtensionHours") VALUES ('cmmowi8ch0000w0ubj9vetyj8', 'cmmlti6s6000180ub3xz4lzfc', 'cmmlti6s6000280ubakwfo16p', 'cmmmtrk7a000050ubkhu1ksqu', 'cmmmtrk7h000150ub1uvgjcgo', '222', 2, 4000, 200, 'COMPLETED', 'bidlapasrdesesps4@gmail.com|VqOkpfY1H&|bidlapardthoaminh3006@naver.com|i3pu jnxi peqy 3af7 nzkl nzro rx77 yr53
ashu723s7s5ss@gmail.com|YZYTF40a54|ashu72thoaminh0507@naver.com|dsmw dqc3 7zxl hjq4 blvq xyxt v5ia 6yka', '2026-03-16 12:57:52.306+00', NULL, 0, '2026-03-13 12:56:48.065+00', '2026-03-13 12:58:24.097+00', NULL, NULL, NULL, NULL, NULL, NULL) ON CONFLICT (id) DO NOTHING;
INSERT INTO "Order" ("id", "buyerId", "sellerId", "productId", "variantId", "variantName", "quantity", "amount", "fee", "status", "deliveredContent", "warrantyExpire", "couponCode", "discountAmount", "createdAt", "updatedAt", "buyerConfirmedAt", "customPrice", "deliveredAt", "startedAt", "negotiatedDeliveryHours", "pendingExtensionHours") VALUES ('cmmp0ye0j0000uwub9f5u4oub', 'cmmlti6s6000180ub3xz4lzfc', 'cmmlti6s6000280ubakwfo16p', 'cmmolr7tl000h20ubje3b1kst', 'cmmose8hf0000v8ub76l50vy0', '202-2026', 2, 40000, 2000, 'HOLDING', 'bidlapardeeps4@gmail.com|VqOkpfY1H&|bidlapardthoaminh3006@naver.com|i3pu jnxi peqy 3af7 nzkl nzro rx77 yr53
ashu72375s@gmail.com|YZYTF40a54|ashu72thoaminh0507@naver.com|dsmw dqc3 7zxl hjq4 blvq xyxt v5ia 6yka', '2026-03-20 15:01:20.355+00', NULL, 0, '2026-03-13 15:01:20.371+00', '2026-03-13 15:01:20.371+00', NULL, NULL, NULL, NULL, NULL, NULL) ON CONFLICT (id) DO NOTHING;
INSERT INTO "Order" ("id", "buyerId", "sellerId", "productId", "variantId", "variantName", "quantity", "amount", "fee", "status", "deliveredContent", "warrantyExpire", "couponCode", "discountAmount", "createdAt", "updatedAt", "buyerConfirmedAt", "customPrice", "deliveredAt", "startedAt", "negotiatedDeliveryHours", "pendingExtensionHours") VALUES ('cmmp15yet0000kkubgbtdz8n4', 'cmmlti6s6000180ub3xz4lzfc', 'cmmlti6s6000280ubakwfo16p', 'cmmolr7tl000h20ubje3b1kst', 'cmmose8hf0000v8ub76l50vy0', '202-2026', 1, 20000, 1000, 'HOLDING', 'jammudamsor@gmail.com|B1yg$QEB$j|jammudathoaminh0707@naver.com|eelv en5y 7krc flbf b5bq nx6f 25h6 b457', '2026-03-20 15:07:13.374+00', NULL, 0, '2026-03-13 15:07:13.396+00', '2026-03-13 15:07:13.396+00', NULL, NULL, NULL, NULL, NULL, NULL) ON CONFLICT (id) DO NOTHING;
INSERT INTO "Order" ("id", "buyerId", "sellerId", "productId", "variantId", "variantName", "quantity", "amount", "fee", "status", "deliveredContent", "warrantyExpire", "couponCode", "discountAmount", "createdAt", "updatedAt", "buyerConfirmedAt", "customPrice", "deliveredAt", "startedAt", "negotiatedDeliveryHours", "pendingExtensionHours") VALUES ('cmmpp3c4x00028gub2u7mv17t', 'cmmlti6s6000180ub3xz4lzfc', 'cmmlti6s6000280ubakwfo16p', 'cmmpopbl30000r4ub1u4ubiny', 'cmmpp0pp500008gub58i1p1zp', 'thiết kế website', 1, 300, 15, 'PENDING_ACCEPTANCE', NULL, NULL, NULL, 0, '2026-03-14 02:17:02.001+00', '2026-03-14 02:18:11.921+00', NULL, 300, NULL, NULL, NULL, NULL) ON CONFLICT (id) DO NOTHING;
INSERT INTO "Order" ("id", "buyerId", "sellerId", "productId", "variantId", "variantName", "quantity", "amount", "fee", "status", "deliveredContent", "warrantyExpire", "couponCode", "discountAmount", "createdAt", "updatedAt", "buyerConfirmedAt", "customPrice", "deliveredAt", "startedAt", "negotiatedDeliveryHours", "pendingExtensionHours") VALUES ('cmmppomi5000090ubr0pdxh3d', 'cmmlti6s6000180ub3xz4lzfc', 'cmmlti6s6000280ubakwfo16p', 'cmmpopbl30000r4ub1u4ubiny', 'cmmpp0pp500008gub58i1p1zp', 'thiết kế website', 1, 50000, 2500, 'PENDING_ACCEPTANCE', NULL, NULL, NULL, 0, '2026-03-14 02:33:35.213+00', '2026-03-14 05:21:30.620+00', NULL, 50000, NULL, NULL, 100, NULL) ON CONFLICT (id) DO NOTHING;
INSERT INTO "Order" ("id", "buyerId", "sellerId", "productId", "variantId", "variantName", "quantity", "amount", "fee", "status", "deliveredContent", "warrantyExpire", "couponCode", "discountAmount", "createdAt", "updatedAt", "buyerConfirmedAt", "customPrice", "deliveredAt", "startedAt", "negotiatedDeliveryHours", "pendingExtensionHours") VALUES ('cmmpql3iw0004owub8q6ku3bk', 'cmmlti6s6000280ubakwfo16p', 'cmmlti6s6000180ub3xz4lzfc', 'cmmpqjcnr0001owub3v205bab', 'cmmpqk1ra0003owubbvg8bhho', 'aa', 1, 200000, 10000, 'COMPLETED', 'đâsd', NULL, NULL, 0, '2026-03-14 02:58:50.264+00', '2026-03-14 03:36:25.708+00', NULL, 200000, '2026-03-14 03:35:19.679+00', '2026-03-14 03:06:43.584+00', 34, 24) ON CONFLICT (id) DO NOTHING;
INSERT INTO "Order" ("id", "buyerId", "sellerId", "productId", "variantId", "variantName", "quantity", "amount", "fee", "status", "deliveredContent", "warrantyExpire", "couponCode", "discountAmount", "createdAt", "updatedAt", "buyerConfirmedAt", "customPrice", "deliveredAt", "startedAt", "negotiatedDeliveryHours", "pendingExtensionHours") VALUES ('cmmpsqzf50000y0ubvyw2g852', 'cmmlti6s6000180ub3xz4lzfc', 'cmmlti6s6000280ubakwfo16p', 'cmmmtrk7a000050ubkhu1ksqu', 'cmmmtrk7l000250ub0t2kxzvl', 'tttt', 5, 16665, 833, 'CANCELLED', NULL, NULL, NULL, 0, '2026-03-14 03:59:24.113+00', '2026-03-14 05:22:20.672+00', NULL, NULL, NULL, NULL, NULL, NULL) ON CONFLICT (id) DO NOTHING;
INSERT INTO "Order" ("id", "buyerId", "sellerId", "productId", "variantId", "variantName", "quantity", "amount", "fee", "status", "deliveredContent", "warrantyExpire", "couponCode", "discountAmount", "createdAt", "updatedAt", "buyerConfirmedAt", "customPrice", "deliveredAt", "startedAt", "negotiatedDeliveryHours", "pendingExtensionHours") VALUES ('cmmpvr0up0006y0ubrzyr8dap', 'cmmlti6s6000280ubakwfo16p', 'cmmlti6s6000180ub3xz4lzfc', 'cmmppgopu00088gubfdvot4fd', 'cmmppgoq100098gubl8dcrinn', 'phần mềm', 1, 0, 0, 'IN_PROGRESS', NULL, NULL, NULL, 0, '2026-03-14 05:23:24.817+00', '2026-03-14 05:24:38.028+00', NULL, NULL, NULL, '2026-03-14 05:24:03.660+00', 24, NULL) ON CONFLICT (id) DO NOTHING;
INSERT INTO "Order" ("id", "buyerId", "sellerId", "productId", "variantId", "variantName", "quantity", "amount", "fee", "status", "deliveredContent", "warrantyExpire", "couponCode", "discountAmount", "createdAt", "updatedAt", "buyerConfirmedAt", "customPrice", "deliveredAt", "startedAt", "negotiatedDeliveryHours", "pendingExtensionHours") VALUES ('cmmpvtqg4000by0ubfm8r9k4k', 'cmmlti6s6000280ubakwfo16p', 'cmmlti6s6000180ub3xz4lzfc', 'cmmppgopu00088gubfdvot4fd', 'cmmppgoq100098gubl8dcrinn', 'phần mềm', 1, 0, 0, 'IN_PROGRESS', NULL, NULL, NULL, 0, '2026-03-14 05:25:31.300+00', '2026-03-14 05:33:43.099+00', NULL, NULL, NULL, '2026-03-14 05:33:43.098+00', NULL, NULL) ON CONFLICT (id) DO NOTHING;
INSERT INTO "Order" ("id", "buyerId", "sellerId", "productId", "variantId", "variantName", "quantity", "amount", "fee", "status", "deliveredContent", "warrantyExpire", "couponCode", "discountAmount", "createdAt", "updatedAt", "buyerConfirmedAt", "customPrice", "deliveredAt", "startedAt", "negotiatedDeliveryHours", "pendingExtensionHours") VALUES ('cmmpw3lc9000gy0ub6js9op30', 'cmmlti6s6000280ubakwfo16p', 'cmmlti6s6000180ub3xz4lzfc', 'cmmpw2l4x000dy0ubw1mhs0x1', 'cmmpw33nz000fy0ub4oj420mc', 'chán', 1, 50000, 2500, 'DELIVERED', 'êr', NULL, NULL, 0, '2026-03-14 05:33:11.241+00', '2026-03-14 05:57:01.772+00', NULL, 50000, '2026-03-14 05:57:01.772+00', '2026-03-14 05:34:15.364+00', 200, NULL) ON CONFLICT (id) DO NOTHING;
INSERT INTO "Order" ("id", "buyerId", "sellerId", "productId", "variantId", "variantName", "quantity", "amount", "fee", "status", "deliveredContent", "warrantyExpire", "couponCode", "discountAmount", "createdAt", "updatedAt", "buyerConfirmedAt", "customPrice", "deliveredAt", "startedAt", "negotiatedDeliveryHours", "pendingExtensionHours") VALUES ('cmmpx80y10000y4ubwytif92o', 'cmmlti6s6000280ubakwfo16p', 'cmmlti6s6000180ub3xz4lzfc', 'cmmpqjcnr0001owub3v205bab', 'cmmpqk1ra0003owubbvg8bhho', 'aa', 1, 50000, 2500, 'PENDING_ACCEPTANCE', NULL, NULL, NULL, 0, '2026-03-14 06:04:37.704+00', '2026-03-14 06:05:14.788+00', NULL, 50000, NULL, NULL, 20, NULL) ON CONFLICT (id) DO NOTHING;

-- Table: Transaction
INSERT INTO "Transaction" ("id", "userId", "amount", "type", "status", "gatewayRef", "description", "createdAt") VALUES ('cmmlti6wd001d80ubknn2rmkv', 'cmmlti6sj000580ubf7tl9g2r', 100000, 'DEPOSIT', 'SUCCESS', NULL, 'Nạp tiền qua SePay', '2026-03-01 09:09:28.781+00') ON CONFLICT (id) DO NOTHING;
INSERT INTO "Transaction" ("id", "userId", "amount", "type", "status", "gatewayRef", "description", "createdAt") VALUES ('cmmlti6wd001e80ubps2dtnbr', 'cmmlti6sj000580ubf7tl9g2r', 40000, 'PURCHASE', 'SUCCESS', NULL, 'Mua: Facebook có 1000-5000 bạn bè v', '2026-03-06 09:09:28.781+00') ON CONFLICT (id) DO NOTHING;
INSERT INTO "Transaction" ("id", "userId", "amount", "type", "status", "gatewayRef", "description", "createdAt") VALUES ('cmmlti6wd001f80ubt4nixzbq', 'cmmlti6sj000580ubf7tl9g2r', 11999, 'PURCHASE', 'SUCCESS', NULL, 'Mua: Gmail tháng 8 2025 có 2FA+MKP ', '2026-03-10 09:09:28.781+00') ON CONFLICT (id) DO NOTHING;
INSERT INTO "Transaction" ("id", "userId", "amount", "type", "status", "gatewayRef", "description", "createdAt") VALUES ('cmmlti6wd001g80ubsfkq398r', 'cmmlti6sj000580ubf7tl9g2r', 200000, 'DEPOSIT', 'SUCCESS', NULL, 'Nạp tiền qua SePay', '2026-02-19 09:09:28.781+00') ON CONFLICT (id) DO NOTHING;
INSERT INTO "Transaction" ("id", "userId", "amount", "type", "status", "gatewayRef", "description", "createdAt") VALUES ('cmmlti6wd001h80ubxypdlhzq', 'cmmlti6sj000780ub0a3i1spw', 500000, 'DEPOSIT', 'SUCCESS', NULL, 'Nạp tiền qua SePay', '2026-02-09 09:09:28.781+00') ON CONFLICT (id) DO NOTHING;
INSERT INTO "Transaction" ("id", "userId", "amount", "type", "status", "gatewayRef", "description", "createdAt") VALUES ('cmmlti6wd001i80ubzqgpnuus', 'cmmlti6sj000780ub0a3i1spw', 50000, 'PURCHASE', 'SUCCESS', NULL, 'Mua: Key Windows 11 Pro OEM - Kích ', '2026-02-24 09:09:28.781+00') ON CONFLICT (id) DO NOTHING;
INSERT INTO "Transaction" ("id", "userId", "amount", "type", "status", "gatewayRef", "description", "createdAt") VALUES ('cmmnjfauv0000ooubqcfccjd0', 'cmmlti6s6000180ub3xz4lzfc', 2000, 'REFUND', 'SUCCESS', NULL, 'Hoàn tiền 1 items lỗi - Đơn #e8ta41co', '2026-03-12 14:02:50.167+00') ON CONFLICT (id) DO NOTHING;
INSERT INTO "Transaction" ("id", "userId", "amount", "type", "status", "gatewayRef", "description", "createdAt") VALUES ('cmmo9sr5w00013wubncieua5c', 'cmmlti6s6000280ubakwfo16p', 50000, 'DEPOSIT', 'PENDING', NULL, 'MKTIEUA5C', '2026-03-13 02:21:07.844+00') ON CONFLICT (id) DO NOTHING;
INSERT INTO "Transaction" ("id", "userId", "amount", "type", "status", "gatewayRef", "description", "createdAt") VALUES ('cmmoandtt00023wub096omywn', 'cmmlti6s6000180ub3xz4lzfc', 50000, 'DEPOSIT', 'PENDING', NULL, 'MKT6OMYWN', '2026-03-13 02:44:56.897+00') ON CONFLICT (id) DO NOTHING;
INSERT INTO "Transaction" ("id", "userId", "amount", "type", "status", "gatewayRef", "description", "createdAt") VALUES ('cmmoav98n0000v4ubohtpo0vp', 'cmmlti6s6000280ubakwfo16p', 50000, 'DEPOSIT', 'PENDING', NULL, 'MKTTPO0VP', '2026-03-13 02:51:04.199+00') ON CONFLICT (id) DO NOTHING;
INSERT INTO "Transaction" ("id", "userId", "amount", "type", "status", "gatewayRef", "description", "createdAt") VALUES ('cmmoayo150001v4ub3blkj941', 'cmmlti6s6000280ubakwfo16p', 50000, 'DEPOSIT', 'PENDING', NULL, 'MKTLKJ941', '2026-03-13 02:53:43.337+00') ON CONFLICT (id) DO NOTHING;
INSERT INTO "Transaction" ("id", "userId", "amount", "type", "status", "gatewayRef", "description", "createdAt") VALUES ('cmmobdeam00002oubo6cjnqzi', 'cmmlti6s6000280ubakwfo16p', 50000, 'DEPOSIT', 'PENDING', NULL, 'MKTCJNQZI', '2026-03-13 03:05:10.558+00') ON CONFLICT (id) DO NOTHING;
INSERT INTO "Transaction" ("id", "userId", "amount", "type", "status", "gatewayRef", "description", "createdAt") VALUES ('cmmobhppz00000wubol606du6', 'cmmlti6s6000280ubakwfo16p', 50000, 'DEPOSIT', 'PENDING', NULL, 'MKT606DU6', '2026-03-13 03:08:31.990+00') ON CONFLICT (id) DO NOTHING;
INSERT INTO "Transaction" ("id", "userId", "amount", "type", "status", "gatewayRef", "description", "createdAt") VALUES ('cmmobkaiw0000ggub0gmlujy4', 'cmmlti6s6000280ubakwfo16p', 50000, 'DEPOSIT', 'PENDING', NULL, 'MKTMLUJY4', '2026-03-13 03:10:32.264+00') ON CONFLICT (id) DO NOTHING;
INSERT INTO "Transaction" ("id", "userId", "amount", "type", "status", "gatewayRef", "description", "createdAt") VALUES ('cmmobsjqj0001ggubva8fggv2', 'cmmlti6s6000280ubakwfo16p', 50000, 'DEPOSIT', 'PENDING', NULL, 'MKT8FGGV2', '2026-03-13 03:16:57.450+00') ON CONFLICT (id) DO NOTHING;
INSERT INTO "Transaction" ("id", "userId", "amount", "type", "status", "gatewayRef", "description", "createdAt") VALUES ('cmmoby7c60002ggubpkefayyw', 'cmmlti6s6000280ubakwfo16p', 50000, 'DEPOSIT', 'PENDING', NULL, 'MKTEFAYYW', '2026-03-13 03:21:21.318+00') ON CONFLICT (id) DO NOTHING;
INSERT INTO "Transaction" ("id", "userId", "amount", "type", "status", "gatewayRef", "description", "createdAt") VALUES ('cmmoc7rrl0003ggubjv6dmjh8', 'cmmlti6s6000280ubakwfo16p', 50000, 'DEPOSIT', 'PENDING', NULL, 'MKT6DMJH8', '2026-03-13 03:28:47.697+00') ON CONFLICT (id) DO NOTHING;
INSERT INTO "Transaction" ("id", "userId", "amount", "type", "status", "gatewayRef", "description", "createdAt") VALUES ('cmmoc8tt30004ggub8afmfomi', 'cmmlti6s6000280ubakwfo16p', 10000, 'DEPOSIT', 'PENDING', NULL, 'MKTFMFOMI', '2026-03-13 03:29:36.999+00') ON CONFLICT (id) DO NOTHING;
INSERT INTO "Transaction" ("id", "userId", "amount", "type", "status", "gatewayRef", "description", "createdAt") VALUES ('cmmocfizx0005ggubh24wplh8', 'cmmlti6s6000280ubakwfo16p', 10000, 'DEPOSIT', 'SUCCESS', '1234567', 'MKT4WPLH8', '2026-03-13 03:34:49.581+00') ON CONFLICT (id) DO NOTHING;
INSERT INTO "Transaction" ("id", "userId", "amount", "type", "status", "gatewayRef", "description", "createdAt") VALUES ('cmmocmbq60000n4ub7h5usyly', 'cmmlti6s6000280ubakwfo16p', 10000, 'DEPOSIT', 'PENDING', NULL, 'MKT5USYLY', '2026-03-13 03:40:06.750+00') ON CONFLICT (id) DO NOTHING;
INSERT INTO "Transaction" ("id", "userId", "amount", "type", "status", "gatewayRef", "description", "createdAt") VALUES ('cmmocrajb00001cubwkkv3tz7', 'cmmlti6s6000280ubakwfo16p', 10000, 'DEPOSIT', 'PENDING', NULL, 'MKTKV3TZ7', '2026-03-13 03:43:58.487+00') ON CONFLICT (id) DO NOTHING;
INSERT INTO "Transaction" ("id", "userId", "amount", "type", "status", "gatewayRef", "description", "createdAt") VALUES ('cmmod4uqz00011cub2lxrcmjf', 'cmmlti6s6000280ubakwfo16p', 10000, 'DEPOSIT', 'PENDING', NULL, 'MKTXRCMJF', '2026-03-13 03:54:31.211+00') ON CONFLICT (id) DO NOTHING;
INSERT INTO "Transaction" ("id", "userId", "amount", "type", "status", "gatewayRef", "description", "createdAt") VALUES ('cmmodbkyg0000ssubg66zzz3h', 'cmmlti6s6000280ubakwfo16p', 10000, 'DEPOSIT', 'PENDING', NULL, 'MKT6ZZZ3H', '2026-03-13 03:59:45.112+00') ON CONFLICT (id) DO NOTHING;
INSERT INTO "Transaction" ("id", "userId", "amount", "type", "status", "gatewayRef", "description", "createdAt") VALUES ('cmmodfde30001ssubox5g1kz3', 'cmmlti6s6000280ubakwfo16p', 10000, 'DEPOSIT', 'PENDING', NULL, 'MKT5G1KZ3', '2026-03-13 04:02:41.931+00') ON CONFLICT (id) DO NOTHING;
INSERT INTO "Transaction" ("id", "userId", "amount", "type", "status", "gatewayRef", "description", "createdAt") VALUES ('cmmodsci80002ssubyx3nz668', 'cmmlti6s6000280ubakwfo16p', 10000, 'DEPOSIT', 'PENDING', NULL, 'MKT3NZ668', '2026-03-13 04:12:47.312+00') ON CONFLICT (id) DO NOTHING;
INSERT INTO "Transaction" ("id", "userId", "amount", "type", "status", "gatewayRef", "description", "createdAt") VALUES ('cmmoe4icw0003ssuboy09ihqe', 'cmmlti6s6000280ubakwfo16p', 10000, 'DEPOSIT', 'SUCCESS', '45119060', 'MKT09IHQE', '2026-03-13 04:22:14.768+00') ON CONFLICT (id) DO NOTHING;
INSERT INTO "Transaction" ("id", "userId", "amount", "type", "status", "gatewayRef", "description", "createdAt") VALUES ('cmmoeda8x000020ub5zgx4i6e', 'cmmlti6s6000280ubakwfo16p', 10000, 'DEPOSIT', 'SUCCESS', '45120004', 'MKTGX4I6E', '2026-03-13 04:29:04.161+00') ON CONFLICT (id) DO NOTHING;
INSERT INTO "Transaction" ("id", "userId", "amount", "type", "status", "gatewayRef", "description", "createdAt") VALUES ('cmmoeicfy000220ub1sngzak0', 'cmmlti6s6000280ubakwfo16p', 10000, 'DEPOSIT', 'SUCCESS', '45120572', 'MKTNGZAK0', '2026-03-13 04:33:00.286+00') ON CONFLICT (id) DO NOTHING;
INSERT INTO "Transaction" ("id", "userId", "amount", "type", "status", "gatewayRef", "description", "createdAt") VALUES ('cmmojsumt000420ubw6hsqxkc', 'cmmlti6s6000180ub3xz4lzfc', 50000, 'DEPOSIT', 'PENDING', NULL, 'MKTHSQXKC', '2026-03-13 07:01:08.501+00') ON CONFLICT (id) DO NOTHING;
INSERT INTO "Transaction" ("id", "userId", "amount", "type", "status", "gatewayRef", "description", "createdAt") VALUES ('cmmok9n86000f20ub7giv0cfy', 'cmmlti6s6000180ub3xz4lzfc', 2000, 'REFUND', 'SUCCESS', NULL, 'Hoàn tiền 1 items lỗi - Đơn #9f86ti4r', '2026-03-13 07:14:12.054+00') ON CONFLICT (id) DO NOTHING;
INSERT INTO "Transaction" ("id", "userId", "amount", "type", "status", "gatewayRef", "description", "createdAt") VALUES ('cmmonrsz6001f20ubwks14m85', 'cmmlti6s6000180ub3xz4lzfc', 50000, 'DEPOSIT', 'PENDING', NULL, 'MKTS14M85', '2026-03-13 08:52:18.162+00') ON CONFLICT (id) DO NOTHING;

-- Table: Review
INSERT INTO "Review" ("id", "orderId", "productId", "rating", "comment", "createdAt", "sellerReply", "sellerReplyAt") VALUES ('cmmoui2uz0000h8ubnz1y06d2', 'cmmnhnaom000bowubqx6ryt2f', 'cmmmtrk7a000050ubkhu1ksqu', 5, '', '2026-03-13 12:00:41.723+00', NULL, NULL) ON CONFLICT (id) DO NOTHING;
INSERT INTO "Review" ("id", "orderId", "productId", "rating", "comment", "createdAt", "sellerReply", "sellerReplyAt") VALUES ('cmmouiaos0001h8ubdfka6zb2', 'cmmni3bw5000nowub3nlyrcem', 'cmmmtrk7a000050ubkhu1ksqu', 5, '', '2026-03-13 12:00:51.868+00', NULL, NULL) ON CONFLICT (id) DO NOTHING;

-- Table: Dispute
INSERT INTO "Dispute" ("id", "orderId", "reason", "evidence", "faultyCount", "status", "resolution", "sellerReply", "adminDecision", "refundAmount", "resolvedAt", "createdAt") VALUES ('cmmne9pjf0000b8ubefq2mc1a', 'cmmmy2twa00082cubg3f4wozr', 'lỗi 1', NULL, 1, 'CLOSED', 'CANCELED_BY_BUYER', '', NULL, 0, '2026-03-13 12:04:24.479+00', '2026-03-12 11:38:31.179+00') ON CONFLICT (id) DO NOTHING;
INSERT INTO "Dispute" ("id", "orderId", "reason", "evidence", "faultyCount", "status", "resolution", "sellerReply", "adminDecision", "refundAmount", "resolvedAt", "createdAt") VALUES ('cmmnhx7jo000jowubm4cnrxwp', 'cmmnhnaom000bowubqx6ryt2f', 'lỗi mail', NULL, 2, 'CLOSED', 'CANCELED_BY_BUYER', NULL, NULL, 0, '2026-03-13 08:18:16.563+00', '2026-03-12 13:20:46.452+00') ON CONFLICT (id) DO NOTHING;
INSERT INTO "Dispute" ("id", "orderId", "reason", "evidence", "faultyCount", "status", "resolution", "sellerReply", "adminDecision", "refundAmount", "resolvedAt", "createdAt") VALUES ('cmmni3n5v000wowubabznllh5', 'cmmni3bw5000nowub3nlyrcem', 'lỗi email rồi', NULL, 2, 'CLOSED', 'CANCELED_BY_BUYER', NULL, NULL, 0, '2026-03-12 14:24:48.490+00', '2026-03-12 13:25:46.627+00') ON CONFLICT (id) DO NOTHING;
INSERT INTO "Dispute" ("id", "orderId", "reason", "evidence", "faultyCount", "status", "resolution", "sellerReply", "adminDecision", "refundAmount", "resolvedAt", "createdAt") VALUES ('cmmniq4ev0012owubux5yh7kv', 'cmmnipx0l000zowube8ta41co', 'aa', NULL, 1, 'REFUNDED', 'REFUND', '', NULL, 2000, '2026-03-12 14:02:50.141+00', '2026-03-12 13:43:15.415+00') ON CONFLICT (id) DO NOTHING;
INSERT INTO "Dispute" ("id", "orderId", "reason", "evidence", "faultyCount", "status", "resolution", "sellerReply", "adminDecision", "refundAmount", "resolvedAt", "createdAt") VALUES ('cmmojx6t7000c20ubpbyt96k6', 'cmmojvx9u000920ub9f86ti4r', 'sai mail', NULL, 1, 'REFUNDED', 'REFUND', '', NULL, 2000, '2026-03-13 07:14:12.045+00', '2026-03-13 07:04:30.907+00') ON CONFLICT (id) DO NOTHING;
INSERT INTO "Dispute" ("id", "orderId", "reason", "evidence", "faultyCount", "status", "resolution", "sellerReply", "adminDecision", "refundAmount", "resolvedAt", "createdAt") VALUES ('cmmomfwu3000y20uboc39raju', 'cmmomfo1y000v20ubf36fnn5e', 'loi 1 mail', NULL, 1, 'ESCALATED', 'DISPUTE', '', NULL, 0, NULL, '2026-03-13 08:15:03.675+00') ON CONFLICT (id) DO NOTHING;

-- Table: DisputeMessage
INSERT INTO "DisputeMessage" ("id", "disputeId", "senderId", "senderRole", "message", "createdAt") VALUES ('cmmnedca20001b8ub7dx8iiv9', 'cmmne9pjf0000b8ubefq2mc1a', 'cmmlti6s6000280ubakwfo16p', 'SELLER', 'Người bán yêu cầu tranh chấp. Admin sẽ xem xét và xử lý.', '2026-03-12 11:41:20.618+00') ON CONFLICT (id) DO NOTHING;
INSERT INTO "DisputeMessage" ("id", "disputeId", "senderId", "senderRole", "message", "createdAt") VALUES ('cmmnedskw0002b8ub185mr1zj', 'cmmne9pjf0000b8ubefq2mc1a', 'cmmlti6s6000280ubakwfo16p', 'SELLER', 'alo', '2026-03-12 11:41:41.744+00') ON CONFLICT (id) DO NOTHING;
INSERT INTO "DisputeMessage" ("id", "disputeId", "senderId", "senderRole", "message", "createdAt") VALUES ('cmmnerfak0003b8ubb6e8d402', 'cmmne9pjf0000b8ubefq2mc1a', 'cmmlti6s6000180ub3xz4lzfc', 'BUYER', 'nghe', '2026-03-12 11:52:17.708+00') ON CONFLICT (id) DO NOTHING;
INSERT INTO "DisputeMessage" ("id", "disputeId", "senderId", "senderRole", "message", "createdAt") VALUES ('cmmnfyq160000t8ubkzopokav', 'cmmne9pjf0000b8ubefq2mc1a', 'cmmlti6s0000080ubig2ivt4e', 'ADMIN', 'alo', '2026-03-12 12:25:57.834+00') ON CONFLICT (id) DO NOTHING;
INSERT INTO "DisputeMessage" ("id", "disputeId", "senderId", "senderRole", "message", "createdAt") VALUES ('cmmomgwze001120ub3gp3atvm', 'cmmomfwu3000y20uboc39raju', 'cmmlti6s6000280ubakwfo16p', 'SELLER', 'Người bán yêu cầu tranh chấp. Admin sẽ xem xét và xử lý.', '2026-03-13 08:15:50.522+00') ON CONFLICT (id) DO NOTHING;
INSERT INTO "DisputeMessage" ("id", "disputeId", "senderId", "senderRole", "message", "createdAt") VALUES ('cmmomh4w3001420ub09sf27ax', 'cmmomfwu3000y20uboc39raju', 'cmmlti6s6000280ubakwfo16p', 'SELLER', 'sadasda', '2026-03-13 08:16:00.771+00') ON CONFLICT (id) DO NOTHING;
INSERT INTO "DisputeMessage" ("id", "disputeId", "senderId", "senderRole", "message", "createdAt") VALUES ('cmmomhn7o001520ub3m5jg3es', 'cmmomfwu3000y20uboc39raju', 'cmmlti6s6000180ub3xz4lzfc', 'BUYER', 'sadsadsa', '2026-03-13 08:16:24.516+00') ON CONFLICT (id) DO NOTHING;
INSERT INTO "DisputeMessage" ("id", "disputeId", "senderId", "senderRole", "message", "createdAt") VALUES ('cmmomijl6001620ubp5t5knxb', 'cmmomfwu3000y20uboc39raju', 'cmmlti6s0000080ubig2ivt4e', 'ADMIN', 'fsjfoisjf', '2026-03-13 08:17:06.474+00') ON CONFLICT (id) DO NOTHING;
INSERT INTO "DisputeMessage" ("id", "disputeId", "senderId", "senderRole", "message", "createdAt") VALUES ('cmmomims3001720ub8a932q1d', 'cmmomfwu3000y20uboc39raju', 'cmmlti6s0000080ubig2ivt4e', 'ADMIN', 'sdfdsfdsf', '2026-03-13 08:17:10.611+00') ON CONFLICT (id) DO NOTHING;

-- Table: Coupon

-- Table: AffiliateLink

-- Table: ChatLog

-- Table: Banner

-- Table: Announcement
INSERT INTO "Announcement" ("id", "message", "isActive", "order", "createdAt") VALUES ('cmmlsakjz001j7kubjxjxdtih', '🔒 Sàn bảo vệ người mua với cơ chế Escrow – Tiền tạm giữ 03 ngày bảo hành', true, 1, '2026-03-11 08:35:33.647+00') ON CONFLICT (id) DO NOTHING;
INSERT INTO "Announcement" ("id", "message", "isActive", "order", "createdAt") VALUES ('cmmlsakjz001k7kubw3lw5jtx', '🚀 Đăng ký bán hàng miễn phí – Tiếp cận hàng ngàn khách hàng ngay hôm nay!', true, 2, '2026-03-11 08:35:33.647+00') ON CONFLICT (id) DO NOTHING;
INSERT INTO "Announcement" ("id", "message", "isActive", "order", "createdAt") VALUES ('cmmlsakjz001l7kuboo7no71w', '⚡ Nạp tiền tự động qua SePay – Cộng số dư trong vòng 30 giây', true, 3, '2026-03-11 08:35:33.647+00') ON CONFLICT (id) DO NOTHING;
INSERT INTO "Announcement" ("id", "message", "isActive", "order", "createdAt") VALUES ('cmmlsakjz001m7kubvqdusuvr', '💬 Hỗ trợ 24/7 qua AI Chatbot – Giải đáp mọi thắc mắc tức thì', true, 4, '2026-03-11 08:35:33.647+00') ON CONFLICT (id) DO NOTHING;
INSERT INTO "Announcement" ("id", "message", "isActive", "order", "createdAt") VALUES ('cmmlti6wh001j80ub7ssz4xe8', '🔒 Sàn bảo vệ người mua với cơ chế Escrow – Tiền tạm giữ 03 ngày bảo hành', true, 1, '2026-03-11 09:09:28.817+00') ON CONFLICT (id) DO NOTHING;
INSERT INTO "Announcement" ("id", "message", "isActive", "order", "createdAt") VALUES ('cmmlti6wh001k80ub17re3vcm', '🚀 Đăng ký bán hàng miễn phí – Tiếp cận hàng ngàn khách hàng ngay hôm nay!', true, 2, '2026-03-11 09:09:28.817+00') ON CONFLICT (id) DO NOTHING;
INSERT INTO "Announcement" ("id", "message", "isActive", "order", "createdAt") VALUES ('cmmlti6wh001l80ub3dflvbud', '⚡ Nạp tiền tự động qua SePay – Cộng số dư trong vòng 30 giây', true, 3, '2026-03-11 09:09:28.817+00') ON CONFLICT (id) DO NOTHING;
INSERT INTO "Announcement" ("id", "message", "isActive", "order", "createdAt") VALUES ('cmmlti6wh001m80ubdkj3b0qr', '💬 Hỗ trợ 24/7 qua AI Chatbot – Giải đáp mọi thắc mắc tức thì', true, 4, '2026-03-11 09:09:28.817+00') ON CONFLICT (id) DO NOTHING;

-- Table: SystemConfig
INSERT INTO "SystemConfig" ("id", "maxBoothsPerSeller", "maxItemsPerOrder", "commissionRate", "minWithdrawAmount", "maintenanceMode", "updatedAt", "sepayApiKey", "sepayMerchantId", "sepayWebhookSecret", "bankAccount", "bankName", "bankOwner") VALUES ('default', 10, 50, 5, 50000, false, '2026-03-13 04:12:09.847+00', NULL, 'SP-LIVE-TQA292B6', 'spsk_live_oHFKksamC9FPG81JNusfEndhj24WBEcB', '96247TUBECREATE', 'BIDV', 'TRUONG QUOC TUAN') ON CONFLICT (id) DO NOTHING;

-- Table: UserOverride

-- Table: SellerRequest
INSERT INTO "SellerRequest" ("id", "userId", "fullName", "phone", "facebook", "cccd", "bankName", "bankAccount", "telegram", "status", "adminNote", "createdAt", "updatedAt") VALUES ('cmmo813760000b8ublrcji35u', 'cmmo7b48i0003vgubebo1xcey', 'truong tuan', '0933465422', 'https://www.facebook.com/tink09dhqn', '2051231231', 'vietcombank', '651000123123', '', 'APPROVED', NULL, '2026-03-13 01:31:37.458+00', '2026-03-13 01:32:06.409+00') ON CONFLICT (id) DO NOTHING;

-- Table: Notification
INSERT INTO "Notification" ("id", "userId", "title", "content", "type", "targetUrl", "isRead", "createdAt") VALUES ('notif_wtnn2mkzk', 'cmmlti6s6000180ub3xz4lzfc', 'Yêu cầu báo giá mới', 'Khách hàng đã gửi yêu cầu báo giá cho dịch vụ "aa".', 'ORDER_UPDATE', '/ban-hang/dich-vu', true, '2026-03-14 06:04:37.768+00') ON CONFLICT (id) DO NOTHING;
INSERT INTO "Notification" ("id", "userId", "title", "content", "type", "targetUrl", "isRead", "createdAt") VALUES ('notif_cs0tzllox', 'cmmlti6s6000280ubakwfo16p', 'Báo giá dịch vụ mới', 'Người bán đã gửi báo giá 50.000đ cho đơn #WYTIF92O.', 'ORDER_UPDATE', '/tai-khoan/don-hang', true, '2026-03-14 06:05:02.272+00') ON CONFLICT (id) DO NOTHING;
INSERT INTO "Notification" ("id", "userId", "title", "content", "type", "targetUrl", "isRead", "createdAt") VALUES ('notif_81c5zmhzy', 'cmmlti6s6000180ub3xz4lzfc', 'Khách chấp nhận báo giá', 'Người mua đã duyệt báo giá và thanh toán cho đơn #WYTIF92O.', 'ORDER_UPDATE', '/ban-hang/dich-vu', true, '2026-03-14 06:05:14.812+00') ON CONFLICT (id) DO NOTHING;

-- Table: ChatRoom
INSERT INTO "ChatRoom" ("id", "isGroup", "createdAt", "updatedAt") VALUES ('cmmnh58qd0000j4ubu6mf3205', false, '2026-03-12 12:59:01.619+00', '2026-03-14 05:46:03.797+00') ON CONFLICT (id) DO NOTHING;
INSERT INTO "ChatRoom" ("id", "isGroup", "createdAt", "updatedAt") VALUES ('cmmni3bwq000oowubz71x1jp4', false, '2026-03-12 13:25:32.041+00', '2026-03-14 06:05:02.264+00') ON CONFLICT (id) DO NOTHING;
INSERT INTO "ChatRoom" ("id", "isGroup", "createdAt", "updatedAt") VALUES ('cmmni3bx6000sowubc149j4sn', false, '2026-03-12 13:25:32.058+00', '2026-03-14 06:05:14.801+00') ON CONFLICT (id) DO NOTHING;
INSERT INTO "ChatRoom" ("id", "isGroup", "createdAt", "updatedAt") VALUES ('cmmo81pkp0001b8ub53t3mqfw', false, '2026-03-13 01:32:06.457+00', '2026-03-13 01:32:06.457+00') ON CONFLICT (id) DO NOTHING;

-- Table: ChatParticipant
INSERT INTO "ChatParticipant" ("id", "roomId", "userId", "lastRead", "joinedAt") VALUES ('cmmnh58qg0001j4ubyowc6jv5', 'cmmnh58qd0000j4ubu6mf3205', 'cmmlti6s6000280ubakwfo16p', '2026-03-14 05:57:25.896+00', '2026-03-12 12:59:01.619+00') ON CONFLICT (id) DO NOTHING;
INSERT INTO "ChatParticipant" ("id", "roomId", "userId", "lastRead", "joinedAt") VALUES ('cmmnh58qg0002j4ub8ls3hj2r', 'cmmnh58qd0000j4ubu6mf3205', 'cmmlti6s6000180ub3xz4lzfc', '2026-03-14 05:59:40.358+00', '2026-03-12 12:59:01.619+00') ON CONFLICT (id) DO NOTHING;
INSERT INTO "ChatParticipant" ("id", "roomId", "userId", "lastRead", "joinedAt") VALUES ('cmmni3bwu000powub0catyd4t', 'cmmni3bwq000oowubz71x1jp4', 'cmmlti6s6000280ubakwfo16p', '2026-03-14 05:59:09.172+00', '2026-03-12 13:25:32.041+00') ON CONFLICT (id) DO NOTHING;
INSERT INTO "ChatParticipant" ("id", "roomId", "userId", "lastRead", "joinedAt") VALUES ('cmmni3bwu000qowubwxck8zuq', 'cmmni3bwq000oowubz71x1jp4', 'SYSTEM_BOT', '2026-03-12 13:25:32.041+00', '2026-03-12 13:25:32.041+00') ON CONFLICT (id) DO NOTHING;
INSERT INTO "ChatParticipant" ("id", "roomId", "userId", "lastRead", "joinedAt") VALUES ('cmmni3bx8000towubahx6cc5f', 'cmmni3bx6000sowubc149j4sn', 'cmmlti6s6000180ub3xz4lzfc', '2026-03-14 06:03:10.729+00', '2026-03-12 13:25:32.058+00') ON CONFLICT (id) DO NOTHING;
INSERT INTO "ChatParticipant" ("id", "roomId", "userId", "lastRead", "joinedAt") VALUES ('cmmni3bx8000uowub7h5jbtfq', 'cmmni3bx6000sowubc149j4sn', 'SYSTEM_BOT', '2026-03-12 13:25:32.058+00', '2026-03-12 13:25:32.058+00') ON CONFLICT (id) DO NOTHING;
INSERT INTO "ChatParticipant" ("id", "roomId", "userId", "lastRead", "joinedAt") VALUES ('cmmo81pks0002b8ub22tmpqlb', 'cmmo81pkp0001b8ub53t3mqfw', 'cmmo7b48i0003vgubebo1xcey', '2026-03-13 06:50:11.083+00', '2026-03-13 01:32:06.457+00') ON CONFLICT (id) DO NOTHING;
INSERT INTO "ChatParticipant" ("id", "roomId", "userId", "lastRead", "joinedAt") VALUES ('cmmo81pks0003b8ub6dbsodls', 'cmmo81pkp0001b8ub53t3mqfw', 'SYSTEM_BOT', '2026-03-13 01:32:06.457+00', '2026-03-13 01:32:06.457+00') ON CONFLICT (id) DO NOTHING;

-- Table: ChatMessage
INSERT INTO "ChatMessage" ("id", "roomId", "senderId", "content", "createdAt", "isSystem") VALUES ('cmmnh5d350003j4ubly10uqcw', 'cmmnh58qd0000j4ubu6mf3205', 'cmmlti6s6000280ubakwfo16p', 'xin chào', '2026-03-12 12:59:07.265+00', false) ON CONFLICT (id) DO NOTHING;
INSERT INTO "ChatMessage" ("id", "roomId", "senderId", "content", "createdAt", "isSystem") VALUES ('cmmnh6hbx0004j4ub18v8vz6w', 'cmmnh58qd0000j4ubu6mf3205', 'cmmlti6s6000180ub3xz4lzfc', 'sao ấy', '2026-03-12 12:59:59.421+00', false) ON CONFLICT (id) DO NOTHING;
INSERT INTO "ChatMessage" ("id", "roomId", "senderId", "content", "createdAt", "isSystem") VALUES ('cmmnhbv380000owub418dwqmf', 'cmmnh58qd0000j4ubu6mf3205', 'cmmlti6s6000280ubakwfo16p', 'a', '2026-03-12 13:04:10.532+00', false) ON CONFLICT (id) DO NOTHING;
INSERT INTO "ChatMessage" ("id", "roomId", "senderId", "content", "createdAt", "isSystem") VALUES ('cmmnhbznt0001owub6r7vti3l', 'cmmnh58qd0000j4ubu6mf3205', 'cmmlti6s6000180ub3xz4lzfc', 'b', '2026-03-12 13:04:16.457+00', false) ON CONFLICT (id) DO NOTHING;
INSERT INTO "ChatMessage" ("id", "roomId", "senderId", "content", "createdAt", "isSystem") VALUES ('cmmnhc57e0002owub44y2yvcu', 'cmmnh58qd0000j4ubu6mf3205', 'cmmlti6s6000280ubakwfo16p', 'oke', '2026-03-12 13:04:23.642+00', false) ON CONFLICT (id) DO NOTHING;
INSERT INTO "ChatMessage" ("id", "roomId", "senderId", "content", "createdAt", "isSystem") VALUES ('cmmnhgh6x0003owub3hy44hln', 'cmmnh58qd0000j4ubu6mf3205', 'cmmlti6s6000180ub3xz4lzfc', 'a', '2026-03-12 13:07:45.801+00', false) ON CONFLICT (id) DO NOTHING;
INSERT INTO "ChatMessage" ("id", "roomId", "senderId", "content", "createdAt", "isSystem") VALUES ('cmmnhwen1000iowub9mjcbbei', 'cmmnh58qd0000j4ubu6mf3205', 'cmmlti6s6000180ub3xz4lzfc', '[HỖ TRỢ ĐƠN HÀNG]
Sản phẩm: test anh
Mã đơn: #QX6RYT2F
Link kiểm tra: http://localhost:3000/ban-hang/don-hang?q=cmmnhnaom000bowubqx6ryt2f', '2026-03-12 13:20:08.989+00', false) ON CONFLICT (id) DO NOTHING;
INSERT INTO "ChatMessage" ("id", "roomId", "senderId", "content", "createdAt", "isSystem") VALUES ('cmmni3bwz000rowubmj4j03jk', 'cmmni3bwq000oowubz71x1jp4', 'SYSTEM_BOT', '🎉 Bạn có 1 đơn hàng mới!
Mã đơn: #3NLYRCEM
Số lượng: 2
Thu nhập dự kiến: +3.800đ (Đang tạm giữ)', '2026-03-12 13:25:32.051+00', true) ON CONFLICT (id) DO NOTHING;
INSERT INTO "ChatMessage" ("id", "roomId", "senderId", "content", "createdAt", "isSystem") VALUES ('cmmni3bxc000vowub0f5aj5wm', 'cmmni3bx6000sowubc149j4sn', 'SYSTEM_BOT', '✅ Bạn đã mua hàng thành công!
Mã đơn: #3NLYRCEM
Số lượng: 2
Số tiền: -4.000đ
Vui lòng kiểm tra chi tiết trong trang Quản lý đơn hàng.', '2026-03-12 13:25:32.064+00', true) ON CONFLICT (id) DO NOTHING;
INSERT INTO "ChatMessage" ("id", "roomId", "senderId", "content", "createdAt", "isSystem") VALUES ('cmmni3n6c000xowubmyh2duda', 'cmmni3bx6000sowubc149j4sn', 'SYSTEM_BOT', '⚠️ Bạn đã gửi khiếu nại cho đơn hàng #3NLYRCEM.
Vui lòng chờ người bán hoặc Admin phản hồi.', '2026-03-12 13:25:46.644+00', true) ON CONFLICT (id) DO NOTHING;
INSERT INTO "ChatMessage" ("id", "roomId", "senderId", "content", "createdAt", "isSystem") VALUES ('cmmni3n6q000yowubij3ponpw', 'cmmni3bwq000oowubz71x1jp4', 'SYSTEM_BOT', '🚨 Đơn hàng #3NLYRCEM vừa bị khiếu nại!
Vui lòng truy cập Quản lý khiếu nại để kiểm tra và xử lý.', '2026-03-12 13:25:46.658+00', true) ON CONFLICT (id) DO NOTHING;
INSERT INTO "ChatMessage" ("id", "roomId", "senderId", "content", "createdAt", "isSystem") VALUES ('cmmnipx1b0010owub5jdwgrp6', 'cmmni3bwq000oowubz71x1jp4', 'SYSTEM_BOT', '🎉 Bạn có 1 đơn hàng mới!
Mã đơn: #E8TA41CO
Số lượng: 1
Thu nhập dự kiến: +1.900đ (Đang tạm giữ)', '2026-03-12 13:43:05.854+00', true) ON CONFLICT (id) DO NOTHING;
INSERT INTO "ChatMessage" ("id", "roomId", "senderId", "content", "createdAt", "isSystem") VALUES ('cmmnipx1l0011owub2bu7agr0', 'cmmni3bx6000sowubc149j4sn', 'SYSTEM_BOT', '✅ Bạn đã mua hàng thành công!
Mã đơn: #E8TA41CO
Số lượng: 1
Số tiền: -2.000đ
Vui lòng kiểm tra chi tiết trong trang Quản lý đơn hàng.', '2026-03-12 13:43:05.865+00', true) ON CONFLICT (id) DO NOTHING;
INSERT INTO "ChatMessage" ("id", "roomId", "senderId", "content", "createdAt", "isSystem") VALUES ('cmmniq4fb0013owubhmj261xj', 'cmmni3bx6000sowubc149j4sn', 'SYSTEM_BOT', '⚠️ Bạn đã gửi khiếu nại cho đơn hàng #E8TA41CO.
Vui lòng chờ người bán hoặc Admin phản hồi.

🔗 Bạn có thể huỷ khiếu nại tại đây: http://localhost:3000/tai-khoan/don-hang?q=cmmnipx0l000zowube8ta41co&cancelDispute=true', '2026-03-12 13:43:15.431+00', true) ON CONFLICT (id) DO NOTHING;
INSERT INTO "ChatMessage" ("id", "roomId", "senderId", "content", "createdAt", "isSystem") VALUES ('cmmniq4fo0014owub3na0q3po', 'cmmni3bwq000oowubz71x1jp4', 'SYSTEM_BOT', '🚨 Đơn hàng #E8TA41CO vừa bị khiếu nại!
Vui lòng kiểm tra và xử lý sớm.

🔗 Quản lý khiếu nại: http://localhost:3000/ban-hang/khieu-nai?q=cmmnipx0l000zowube8ta41co', '2026-03-12 13:43:15.444+00', true) ON CONFLICT (id) DO NOTHING;
INSERT INTO "ChatMessage" ("id", "roomId", "senderId", "content", "createdAt", "isSystem") VALUES ('cmmnk7k450000goubo2kwgjmx', 'cmmni3bwq000oowubz71x1jp4', 'SYSTEM_BOT', '✅ Khiếu nại cho đơn hàng #3NLYRCEM đã được người mua huỷ bỏ.', '2026-03-12 14:24:48.533+00', true) ON CONFLICT (id) DO NOTHING;
INSERT INTO "ChatMessage" ("id", "roomId", "senderId", "content", "createdAt", "isSystem") VALUES ('cmmo6xjou0002vgublr6y4wk0', 'cmmni3bwq000oowubz71x1jp4', 'SYSTEM_BOT', '✅ Tuyệt vời! Gian hàng "test duyet" của bạn đã được duyệt và đang hiển thị trên sàn.', '2026-03-13 01:00:52.590+00', true) ON CONFLICT (id) DO NOTHING;
INSERT INTO "ChatMessage" ("id", "roomId", "senderId", "content", "createdAt", "isSystem") VALUES ('cmmo81pky0004b8ubbl81opr2', 'cmmo81pkp0001b8ub53t3mqfw', 'SYSTEM_BOT', '🎉 Chúc mừng! Hồ sơ đăng ký bán hàng của bạn đã được duyệt. Hiện tại bạn đã có thể bắt đầu tạo gian hàng.', '2026-03-13 01:32:06.466+00', true) ON CONFLICT (id) DO NOTHING;
INSERT INTO "ChatMessage" ("id", "roomId", "senderId", "content", "createdAt", "isSystem") VALUES ('cmmocj2ce0006ggubdwm54j15', 'cmmni3bwq000oowubz71x1jp4', 'SYSTEM_BOT', '💰 Nạp tiền thành công!
Bạn vừa nạp +10.000đ vào tài khoản.
Số dư hiện tại đã được cập nhật.', '2026-03-13 03:37:34.622+00', true) ON CONFLICT (id) DO NOTHING;
INSERT INTO "ChatMessage" ("id", "roomId", "senderId", "content", "createdAt", "isSystem") VALUES ('cmmoe4wsm0004ssubjf9yfhwy', 'cmmni3bwq000oowubz71x1jp4', 'SYSTEM_BOT', '💰 Nạp tiền thành công!
Bạn vừa nạp +10.000đ vào tài khoản.
Số dư hiện tại đã được cập nhật.', '2026-03-13 04:22:33.478+00', true) ON CONFLICT (id) DO NOTHING;
INSERT INTO "ChatMessage" ("id", "roomId", "senderId", "content", "createdAt", "isSystem") VALUES ('cmmoedovn000120ub5zc8ggw6', 'cmmni3bwq000oowubz71x1jp4', 'SYSTEM_BOT', '💰 Nạp tiền thành công!
Bạn vừa nạp +10.000đ vào tài khoản.
Số dư hiện tại đã được cập nhật.', '2026-03-13 04:29:23.123+00', true) ON CONFLICT (id) DO NOTHING;
INSERT INTO "ChatMessage" ("id", "roomId", "senderId", "content", "createdAt", "isSystem") VALUES ('cmmoeimq1000320ubdshgvy8n', 'cmmni3bwq000oowubz71x1jp4', 'SYSTEM_BOT', '💰 Nạp tiền thành công!
Bạn vừa nạp +10.000đ vào tài khoản.
Số dư hiện tại đã được cập nhật.', '2026-03-13 04:33:13.609+00', true) ON CONFLICT (id) DO NOTHING;
INSERT INTO "ChatMessage" ("id", "roomId", "senderId", "content", "createdAt", "isSystem") VALUES ('cmmojvxad000a20ub62v8hdiw', 'cmmni3bwq000oowubz71x1jp4', 'SYSTEM_BOT', '🎉 Bạn có 1 đơn hàng mới!
Mã đơn: #9F86TI4R
Số lượng: 2
Thu nhập dự kiến: +3.800đ (Đang tạm giữ)', '2026-03-13 07:03:31.909+00', true) ON CONFLICT (id) DO NOTHING;
INSERT INTO "ChatMessage" ("id", "roomId", "senderId", "content", "createdAt", "isSystem") VALUES ('cmmojvxaq000b20ub9z0bppoe', 'cmmni3bx6000sowubc149j4sn', 'SYSTEM_BOT', '✅ Bạn đã mua hàng thành công!
Mã đơn: #9F86TI4R
Số lượng: 2
Số tiền: -4.000đ
Vui lòng kiểm tra chi tiết trong trang Quản lý đơn hàng.', '2026-03-13 07:03:31.922+00', true) ON CONFLICT (id) DO NOTHING;
INSERT INTO "ChatMessage" ("id", "roomId", "senderId", "content", "createdAt", "isSystem") VALUES ('cmmojx6tp000d20ubhbcs5kjh', 'cmmni3bx6000sowubc149j4sn', 'SYSTEM_BOT', '⚠️ Bạn đã gửi khiếu nại cho đơn hàng [#9F86TI4R](http://localhost:3000/tai-khoan/don-hang?q=cmmojvx9u000920ub9f86ti4r).
Vui lòng chờ người bán hoặc Admin phản hồi.

🔗 [Bấm vào đây để HUỶ KHIẾU NẠI](http://localhost:3000/tai-khoan/don-hang?q=cmmojvx9u000920ub9f86ti4r&cancelDispute=true)', '2026-03-13 07:04:30.925+00', true) ON CONFLICT (id) DO NOTHING;
INSERT INTO "ChatMessage" ("id", "roomId", "senderId", "content", "createdAt", "isSystem") VALUES ('cmmojx6u4000e20ubope0asrz', 'cmmni3bwq000oowubz71x1jp4', 'SYSTEM_BOT', '🚨 Đơn hàng [#9F86TI4R](http://localhost:3000/ban-hang/khieu-nai?q=cmmojvx9u000920ub9f86ti4r) vừa bị khiếu nại!
Vui lòng kiểm tra và xử lý sớm.

🔗 [Xử lý khiếu nại ngay](http://localhost:3000/ban-hang/khieu-nai?q=cmmojvx9u000920ub9f86ti4r)', '2026-03-13 07:04:30.940+00', true) ON CONFLICT (id) DO NOTHING;
INSERT INTO "ChatMessage" ("id", "roomId", "senderId", "content", "createdAt", "isSystem") VALUES ('cmmolbaby000g20ubbmgfj0oo', 'cmmnh58qd0000j4ubu6mf3205', 'cmmlti6s6000180ub3xz4lzfc', '[HỖ TRỢ ĐƠN HÀNG]
Sản phẩm: test anh
Mã đơn: #9F86TI4R
Link kiểm tra: https://mmo.tubecreate.com/ban-hang/don-hang?q=cmmojvx9u000920ub9f86ti4r', '2026-03-13 07:43:28.270+00', false) ON CONFLICT (id) DO NOTHING;
INSERT INTO "ChatMessage" ("id", "roomId", "senderId", "content", "createdAt", "isSystem") VALUES ('cmmolv26n000o20ubyw3jgq1b', 'cmmni3bwq000oowubz71x1jp4', 'SYSTEM_BOT', '✅ Tuyệt vời! Gian hàng "gmail mới" của bạn đã được duyệt và đang hiển thị trên sàn.', '2026-03-13 07:58:50.831+00', true) ON CONFLICT (id) DO NOTHING;
INSERT INTO "ChatMessage" ("id", "roomId", "senderId", "content", "createdAt", "isSystem") VALUES ('cmmom3g53000u20ubam72u00b', 'cmmni3bwq000oowubz71x1jp4', 'SYSTEM_BOT', '✅ Tuyệt vời! Gian hàng "gmail mới" của bạn đã được duyệt và đang hiển thị trên sàn.', '2026-03-13 08:05:22.167+00', true) ON CONFLICT (id) DO NOTHING;
INSERT INTO "ChatMessage" ("id", "roomId", "senderId", "content", "createdAt", "isSystem") VALUES ('cmmomfo2i000w20ubr9cdvpfn', 'cmmni3bwq000oowubz71x1jp4', 'SYSTEM_BOT', '🎉 Bạn có 1 đơn hàng mới!
Mã đơn: #F36FNN5E
Số lượng: 2
Thu nhập dự kiến: +3.800đ (Đang tạm giữ)', '2026-03-13 08:14:52.314+00', true) ON CONFLICT (id) DO NOTHING;
INSERT INTO "ChatMessage" ("id", "roomId", "senderId", "content", "createdAt", "isSystem") VALUES ('cmmomfo2w000x20ubai3s3rf8', 'cmmni3bx6000sowubc149j4sn', 'SYSTEM_BOT', '✅ Bạn đã mua hàng thành công!
Mã đơn: #F36FNN5E
Số lượng: 2
Số tiền: -4.000đ
Vui lòng kiểm tra chi tiết trong trang Quản lý đơn hàng.', '2026-03-13 08:14:52.328+00', true) ON CONFLICT (id) DO NOTHING;
INSERT INTO "ChatMessage" ("id", "roomId", "senderId", "content", "createdAt", "isSystem") VALUES ('cmmomfwuj000z20ubbld6k7bl', 'cmmni3bx6000sowubc149j4sn', 'SYSTEM_BOT', '⚠️ Bạn đã gửi khiếu nại cho đơn hàng [#F36FNN5E](http://localhost:3000/tai-khoan/don-hang?q=cmmomfo1y000v20ubf36fnn5e).
Vui lòng chờ người bán hoặc Admin phản hồi.

🔗 [Bấm vào đây để HUỶ KHIẾU NẠI](http://localhost:3000/tai-khoan/don-hang?q=cmmomfo1y000v20ubf36fnn5e&cancelDispute=true)', '2026-03-13 08:15:03.691+00', true) ON CONFLICT (id) DO NOTHING;
INSERT INTO "ChatMessage" ("id", "roomId", "senderId", "content", "createdAt", "isSystem") VALUES ('cmmomfwuv001020ubmn5n2ow5', 'cmmni3bwq000oowubz71x1jp4', 'SYSTEM_BOT', '🚨 Đơn hàng [#F36FNN5E](http://localhost:3000/ban-hang/khieu-nai?q=cmmomfo1y000v20ubf36fnn5e) vừa bị khiếu nại!
Vui lòng kiểm tra và xử lý sớm.

🔗 [Xử lý khiếu nại ngay](http://localhost:3000/ban-hang/khieu-nai?q=cmmomfo1y000v20ubf36fnn5e)', '2026-03-13 08:15:03.703+00', true) ON CONFLICT (id) DO NOTHING;
INSERT INTO "ChatMessage" ("id", "roomId", "senderId", "content", "createdAt", "isSystem") VALUES ('cmmomgwzv001220ubwhccw6l8', 'cmmni3bx6000sowubc149j4sn', 'SYSTEM_BOT', '⚖️ Khiếu nại đơn hàng #F36FNN5E đã được chuyển thành TRANH CHẤP.
Admin đã tham gia vào phòng hỗ trợ.

🔗 Vào phòng tranh chấp: http://localhost:3000/tai-khoan/khieu-nai/cmmomfwu3000y20uboc39raju', '2026-03-13 08:15:50.539+00', true) ON CONFLICT (id) DO NOTHING;
INSERT INTO "ChatMessage" ("id", "roomId", "senderId", "content", "createdAt", "isSystem") VALUES ('cmmomgx0a001320ubh56t7r44', 'cmmni3bwq000oowubz71x1jp4', 'SYSTEM_BOT', '⚖️ Đơn hàng #F36FNN5E đã được chuyển sang trạng thái TRANH CHẤP.

🔗 Vào phòng tranh chấp: http://localhost:3000/ban-hang/khieu-nai/cmmomfwu3000y20uboc39raju', '2026-03-13 08:15:50.554+00', true) ON CONFLICT (id) DO NOTHING;
INSERT INTO "ChatMessage" ("id", "roomId", "senderId", "content", "createdAt", "isSystem") VALUES ('cmmomk1oo001820ubd8yd4c2m', 'cmmni3bwq000oowubz71x1jp4', 'SYSTEM_BOT', '✅ Khiếu nại cho đơn hàng #QX6RYT2F đã được người mua huỷ bỏ.', '2026-03-13 08:18:16.584+00', true) ON CONFLICT (id) DO NOTHING;
INSERT INTO "ChatMessage" ("id", "roomId", "senderId", "content", "createdAt", "isSystem") VALUES ('cmmomlmcq001920ubl6k0ujeh', 'cmmnh58qd0000j4ubu6mf3205', 'cmmlti6s6000180ub3xz4lzfc', '[HỖ TRỢ ĐƠN HÀNG]
Sản phẩm: test anh
Mã đơn: #E8TA41CO
Link kiểm tra: https://mmo.tubecreate.com/ban-hang/don-hang?q=cmmnipx0l000zowube8ta41co', '2026-03-13 08:19:30.026+00', false) ON CONFLICT (id) DO NOTHING;
INSERT INTO "ChatMessage" ("id", "roomId", "senderId", "content", "createdAt", "isSystem") VALUES ('cmmomlohs001a20ubar3obn0e', 'cmmnh58qd0000j4ubu6mf3205', 'cmmlti6s6000180ub3xz4lzfc', 'sdfsafsdf', '2026-03-13 08:19:32.800+00', false) ON CONFLICT (id) DO NOTHING;
INSERT INTO "ChatMessage" ("id", "roomId", "senderId", "content", "createdAt", "isSystem") VALUES ('cmmomm356001b20ubh9knqc41', 'cmmnh58qd0000j4ubu6mf3205', 'cmmlti6s6000280ubakwfo16p', 'dsfdsfds', '2026-03-13 08:19:51.786+00', false) ON CONFLICT (id) DO NOTHING;
INSERT INTO "ChatMessage" ("id", "roomId", "senderId", "content", "createdAt", "isSystem") VALUES ('cmmomm4s4001c20ub4ia8xfnb', 'cmmnh58qd0000j4ubu6mf3205', 'cmmlti6s6000280ubakwfo16p', 'chào', '2026-03-13 08:19:53.908+00', false) ON CONFLICT (id) DO NOTHING;
INSERT INTO "ChatMessage" ("id", "roomId", "senderId", "content", "createdAt", "isSystem") VALUES ('cmmommaql001d20ub3hnox2m8', 'cmmnh58qd0000j4ubu6mf3205', 'cmmlti6s6000180ub3xz4lzfc', 'đổi mail giúp tôi', '2026-03-13 08:20:01.629+00', false) ON CONFLICT (id) DO NOTHING;
INSERT INTO "ChatMessage" ("id", "roomId", "senderId", "content", "createdAt", "isSystem") VALUES ('cmmomn3d2001e20ubjv4dydl3', 'cmmnh58qd0000j4ubu6mf3205', 'cmmlti6s6000180ub3xz4lzfc', '[HỖ TRỢ ĐƠN HÀNG]
Sản phẩm: test anh
Mã đơn: #3NLYRCEM
Link kiểm tra: https://mmo.tubecreate.com/ban-hang/don-hang?q=cmmni3bw5000nowub3nlyrcem', '2026-03-13 08:20:38.726+00', false) ON CONFLICT (id) DO NOTHING;
INSERT INTO "ChatMessage" ("id", "roomId", "senderId", "content", "createdAt", "isSystem") VALUES ('cmmot6dlp0009v8ubcb9kegaa', 'cmmnh58qd0000j4ubu6mf3205', 'cmmlti6s6000280ubakwfo16p', 'alo', '2026-03-13 11:23:36.157+00', false) ON CONFLICT (id) DO NOTHING;
INSERT INTO "ChatMessage" ("id", "roomId", "senderId", "content", "createdAt", "isSystem") VALUES ('cmmotb4b3000av8ubex3seo1t', 'cmmnh58qd0000j4ubu6mf3205', 'cmmlti6s6000280ubakwfo16p', 'đây', '2026-03-13 11:27:17.391+00', false) ON CONFLICT (id) DO NOTHING;
INSERT INTO "ChatMessage" ("id", "roomId", "senderId", "content", "createdAt", "isSystem") VALUES ('cmmotco5f000bv8ubdmjv0knb', 'cmmnh58qd0000j4ubu6mf3205', 'cmmlti6s6000180ub3xz4lzfc', '[HỖ TRỢ ĐƠN HÀNG]
Sản phẩm: test anh
Mã đơn: #9F86TI4R
Link kiểm tra: https://mmo.tubecreate.com/ban-hang/don-hang?q=cmmojvx9u000920ub9f86ti4r', '2026-03-13 11:28:29.763+00', false) ON CONFLICT (id) DO NOTHING;
INSERT INTO "ChatMessage" ("id", "roomId", "senderId", "content", "createdAt", "isSystem") VALUES ('cmmotco66000cv8ubuhgpridb', 'cmmnh58qd0000j4ubu6mf3205', 'cmmlti6s6000180ub3xz4lzfc', '[HỖ TRỢ ĐƠN HÀNG]
Sản phẩm: test anh
Mã đơn: #9F86TI4R
Link kiểm tra: https://mmo.tubecreate.com/ban-hang/don-hang?q=cmmojvx9u000920ub9f86ti4r', '2026-03-13 11:28:29.790+00', false) ON CONFLICT (id) DO NOTHING;
INSERT INTO "ChatMessage" ("id", "roomId", "senderId", "content", "createdAt", "isSystem") VALUES ('cmmothayf000dv8ubx6kqemno', 'cmmnh58qd0000j4ubu6mf3205', 'cmmlti6s6000180ub3xz4lzfc', 'chào', '2026-03-13 11:32:05.943+00', false) ON CONFLICT (id) DO NOTHING;
INSERT INTO "ChatMessage" ("id", "roomId", "senderId", "content", "createdAt", "isSystem") VALUES ('cmmoumurh0002h8ubdtbg9r0i', 'cmmni3bwq000oowubz71x1jp4', 'SYSTEM_BOT', '✅ Khiếu nại cho đơn hàng #G3F4WOZR đã được người mua huỷ bỏ.', '2026-03-13 12:04:24.509+00', true) ON CONFLICT (id) DO NOTHING;
INSERT INTO "ChatMessage" ("id", "roomId", "senderId", "content", "createdAt", "isSystem") VALUES ('cmmowi8dc0001w0ub2k3atq58', 'cmmni3bwq000oowubz71x1jp4', 'SYSTEM_BOT', '📦 Đơn đặt trước mới!
Mã đơn: #J9VETYJ8
Số lượng: 2
Thu nhập dự kiến: +3.800đ (Đang tạm giữ)
Vui lòng nhập thêm hàng để tự động giao cho người mua.', '2026-03-13 12:56:48.096+00', true) ON CONFLICT (id) DO NOTHING;
INSERT INTO "ChatMessage" ("id", "roomId", "senderId", "content", "createdAt", "isSystem") VALUES ('cmmowi8dq0002w0ub8kgen4y5', 'cmmni3bx6000sowubc149j4sn', 'SYSTEM_BOT', '⏳ Bạn đã đặt trước thành công!
Mã đơn: #J9VETYJ8
Số lượng: 2
Số tiền: -4.000đ
Hàng sẽ được giao tự động khi người bán nhập kho. Bạn có thể huỷ bất kỳ lúc nào.', '2026-03-13 12:56:48.110+00', true) ON CONFLICT (id) DO NOTHING;
INSERT INTO "ChatMessage" ("id", "roomId", "senderId", "content", "createdAt", "isSystem") VALUES ('cmmowjlxo0009w0ubdeppx51t', 'cmmni3bx6000sowubc149j4sn', 'SYSTEM_BOT', '🎉 Đơn đặt trước #J9VETYJ8 đã được giao!
Số lượng: 2
Vui lòng kiểm tra nội dung trong mục Quản lý đơn hàng.', '2026-03-13 12:57:52.332+00', true) ON CONFLICT (id) DO NOTHING;
INSERT INTO "ChatMessage" ("id", "roomId", "senderId", "content", "createdAt", "isSystem") VALUES ('cmmp0ye1b0001uwub541c3pdf', 'cmmni3bwq000oowubz71x1jp4', 'SYSTEM_BOT', '🎉 Bạn có 1 đơn hàng mới!
Mã đơn: #9F5U4OUB
Số lượng: 2
Thu nhập dự kiến: +38.000đ (Đang tạm giữ)', '2026-03-13 15:01:20.399+00', true) ON CONFLICT (id) DO NOTHING;
INSERT INTO "ChatMessage" ("id", "roomId", "senderId", "content", "createdAt", "isSystem") VALUES ('cmmp0ye1p0002uwubo0mwh7ay', 'cmmni3bx6000sowubc149j4sn', 'SYSTEM_BOT', '✅ Bạn đã mua hàng thành công!
Mã đơn: #9F5U4OUB
Số lượng: 2
Số tiền: -40.000đ
Vui lòng kiểm tra chi tiết trong trang Quản lý đơn hàng.', '2026-03-13 15:01:20.413+00', true) ON CONFLICT (id) DO NOTHING;
INSERT INTO "ChatMessage" ("id", "roomId", "senderId", "content", "createdAt", "isSystem") VALUES ('cmmp15yfp0001kkubilrdcpyt', 'cmmni3bwq000oowubz71x1jp4', 'SYSTEM_BOT', '🎉 Bạn có 1 đơn hàng mới!
Mã đơn: #GBTDZ8N4
Số lượng: 1
Thu nhập dự kiến: +19.000đ (Đang tạm giữ)', '2026-03-13 15:07:13.429+00', true) ON CONFLICT (id) DO NOTHING;
INSERT INTO "ChatMessage" ("id", "roomId", "senderId", "content", "createdAt", "isSystem") VALUES ('cmmp15yg20002kkub0rc9xpbw', 'cmmni3bx6000sowubc149j4sn', 'SYSTEM_BOT', '✅ Bạn đã mua hàng thành công!
Mã đơn: #GBTDZ8N4
Số lượng: 1
Số tiền: -20.000đ
Vui lòng kiểm tra chi tiết trong trang Quản lý đơn hàng.', '2026-03-13 15:07:13.442+00', true) ON CONFLICT (id) DO NOTHING;
INSERT INTO "ChatMessage" ("id", "roomId", "senderId", "content", "createdAt", "isSystem") VALUES ('cmmpp2fe700018gubbf3w4hoo', 'cmmni3bwq000oowubz71x1jp4', 'SYSTEM_BOT', '✅ Tuyệt vời! Gian hàng "thiết kế website" của bạn đã được duyệt và đang hiển thị trên sàn.', '2026-03-14 02:16:19.567+00', true) ON CONFLICT (id) DO NOTHING;
INSERT INTO "ChatMessage" ("id", "roomId", "senderId", "content", "createdAt", "isSystem") VALUES ('cmmpp3c5d00038gubfpn56xsp', 'cmmni3bwq000oowubz71x1jp4', 'SYSTEM_BOT', '💬 Có khách yêu cầu dịch vụ "thiết kế website"! 
Mã đơn: #2U7MV17T
Vui lòng vào chi tiết đơn để BÁO GIÁ cho khách hàng.', '2026-03-14 02:17:02.017+00', true) ON CONFLICT (id) DO NOTHING;
INSERT INTO "ChatMessage" ("id", "roomId", "senderId", "content", "createdAt", "isSystem") VALUES ('cmmpp3c5s00048gubfghk85tl', 'cmmni3bx6000sowubc149j4sn', 'SYSTEM_BOT', '📝 Tạo đơn yêu cầu thành công!
Mã đơn: #2U7MV17T
Vui lòng chờ người bán phản hồi báo giá.', '2026-03-14 02:17:02.032+00', true) ON CONFLICT (id) DO NOTHING;
INSERT INTO "ChatMessage" ("id", "roomId", "senderId", "content", "createdAt", "isSystem") VALUES ('cmmpp3mv000058gub85tixriy', 'cmmnh58qd0000j4ubu6mf3205', 'cmmlti6s6000180ub3xz4lzfc', 'hêlo', '2026-03-14 02:17:15.900+00', false) ON CONFLICT (id) DO NOTHING;
INSERT INTO "ChatMessage" ("id", "roomId", "senderId", "content", "createdAt", "isSystem") VALUES ('cmmpp4blx00068gub0sshpxt5', 'cmmni3bx6000sowubc149j4sn', 'SYSTEM_BOT', '💰 Người bán đã gửi báo giá cho đơn #2U7MV17T: **300đ**.
Vui lòng vào chi tiết đơn hàng để Chấp nhận và Thanh toán.', '2026-03-14 02:17:47.973+00', true) ON CONFLICT (id) DO NOTHING;
INSERT INTO "ChatMessage" ("id", "roomId", "senderId", "content", "createdAt", "isSystem") VALUES ('cmmpp4u3t00078gubliixjicf', 'cmmni3bwq000oowubz71x1jp4', 'SYSTEM_BOT', '✅ Khách hàng đã chấp nhận báo giá và thanh toán cho đơn #2U7MV17T (300đ).
Vui lòng vào chi tiết đơn hàng và ấn BẮT ĐẦU LÀM.', '2026-03-14 02:18:11.945+00', true) ON CONFLICT (id) DO NOTHING;
INSERT INTO "ChatMessage" ("id", "roomId", "senderId", "content", "createdAt", "isSystem") VALUES ('cmmpph9ks000a8gubnq6ip9d4', 'cmmni3bx6000sowubc149j4sn', 'SYSTEM_BOT', '✅ Tuyệt vời! Gian hàng "thiết kế phần mềm" của bạn đã được duyệt và đang hiển thị trên sàn.', '2026-03-14 02:27:51.868+00', true) ON CONFLICT (id) DO NOTHING;
INSERT INTO "ChatMessage" ("id", "roomId", "senderId", "content", "createdAt", "isSystem") VALUES ('cmmppomj0000190ubt12ddz9l', 'cmmni3bwq000oowubz71x1jp4', 'SYSTEM_BOT', '💬 Có khách yêu cầu dịch vụ "thiết kế website"! 
Mã đơn: #R0PDXH3D
Vui lòng vào chi tiết đơn để BÁO GIÁ cho khách hàng.', '2026-03-14 02:33:35.244+00', true) ON CONFLICT (id) DO NOTHING;
INSERT INTO "ChatMessage" ("id", "roomId", "senderId", "content", "createdAt", "isSystem") VALUES ('cmmppomjf000290ubeqa2cl7v', 'cmmni3bx6000sowubc149j4sn', 'SYSTEM_BOT', '📝 Tạo đơn yêu cầu thành công!
Mã đơn: #R0PDXH3D
Vui lòng chờ người bán phản hồi báo giá.', '2026-03-14 02:33:35.259+00', true) ON CONFLICT (id) DO NOTHING;
INSERT INTO "ChatMessage" ("id", "roomId", "senderId", "content", "createdAt", "isSystem") VALUES ('cmmpqeb6r0000owub3upqucev', 'cmmni3bx6000sowubc149j4sn', 'SYSTEM_BOT', '💰 Người bán đã gửi báo giá cho đơn #R0PDXH3D: **50.000đ** trong **100 giờ**.
Vui lòng vào chi tiết đơn hàng để Chấp nhận và Thanh toán.', '2026-03-14 02:53:33.603+00', true) ON CONFLICT (id) DO NOTHING;
INSERT INTO "ChatMessage" ("id", "roomId", "senderId", "content", "createdAt", "isSystem") VALUES ('cmmpqjjpn0002owublzqpyx6c', 'cmmni3bx6000sowubc149j4sn', 'SYSTEM_BOT', '✅ Tuyệt vời! Gian hàng "ewrwer" của bạn đã được duyệt và đang hiển thị trên sàn.', '2026-03-14 02:57:37.931+00', true) ON CONFLICT (id) DO NOTHING;
INSERT INTO "ChatMessage" ("id", "roomId", "senderId", "content", "createdAt", "isSystem") VALUES ('cmmpql3je0005owub4bzodos7', 'cmmni3bx6000sowubc149j4sn', 'SYSTEM_BOT', '💬 Có khách yêu cầu dịch vụ "aa"! 
Mã đơn: #8Q6KU3BK
Vui lòng vào chi tiết đơn để BÁO GIÁ cho khách hàng.', '2026-03-14 02:58:50.282+00', true) ON CONFLICT (id) DO NOTHING;
INSERT INTO "ChatMessage" ("id", "roomId", "senderId", "content", "createdAt", "isSystem") VALUES ('cmmpql3jr0006owuboy5imwfh', 'cmmni3bwq000oowubz71x1jp4', 'SYSTEM_BOT', '📝 Tạo đơn yêu cầu thành công!
Mã đơn: #8Q6KU3BK
Vui lòng chờ người bán phản hồi báo giá.', '2026-03-14 02:58:50.295+00', true) ON CONFLICT (id) DO NOTHING;
INSERT INTO "ChatMessage" ("id", "roomId", "senderId", "content", "createdAt", "isSystem") VALUES ('cmmpqtnyy0000scubw9nyp0eq', 'cmmni3bwq000oowubz71x1jp4', 'SYSTEM_BOT', '💰 Người bán đã gửi báo giá cho đơn #8Q6KU3BK: **200.000đ** trong **10 giờ**.
Vui lòng vào chi tiết đơn hàng để Chấp nhận và Thanh toán.', '2026-03-14 03:05:30.010+00', true) ON CONFLICT (id) DO NOTHING;
INSERT INTO "ChatMessage" ("id", "roomId", "senderId", "content", "createdAt", "isSystem") VALUES ('cmmpqunkv0001scubm7726328', 'cmmni3bx6000sowubc149j4sn', 'SYSTEM_BOT', '✅ Khách hàng đã chấp nhận báo giá và thanh toán cho đơn #8Q6KU3BK (200.000đ).
Vui lòng vào chi tiết đơn hàng và ấn BẮT ĐẦU LÀM.', '2026-03-14 03:06:16.159+00', true) ON CONFLICT (id) DO NOTHING;
INSERT INTO "ChatMessage" ("id", "roomId", "senderId", "content", "createdAt", "isSystem") VALUES ('cmmpqv8r40002scubmlieavwq', 'cmmni3bwq000oowubz71x1jp4', 'SYSTEM_BOT', '👷 Người bán đã BẮT ĐẦU THỰC HIỆN đơn hàng #8Q6KU3BK của bạn.
Thời gian bắt đầu được tính từ bây giờ.', '2026-03-14 03:06:43.600+00', true) ON CONFLICT (id) DO NOTHING;
INSERT INTO "ChatMessage" ("id", "roomId", "senderId", "content", "createdAt", "isSystem") VALUES ('cmmpr6z9a0003scubjpfymjcr', 'cmmni3bwq000oowubz71x1jp4', 'SYSTEM_BOT', '🕒 Người bán đã gia hạn thêm 24 giờ thực hiện cho đơn hàng #8Q6KU3BK (ewrwer).', '2026-03-14 03:15:51.166+00', true) ON CONFLICT (id) DO NOTHING;
INSERT INTO "ChatMessage" ("id", "roomId", "senderId", "content", "createdAt", "isSystem") VALUES ('cmmpreux10000v0ubwzy0hnnq', 'cmmni3bwq000oowubz71x1jp4', 'SYSTEM_BOT', '🕒 Người bán đã gửi yêu cầu gia hạn thêm 24 giờ thực hiện cho đơn hàng #8Q6KU3BK (ewrwer). Vui lòng vào trang Đơn hàng để xác nhận.', '2026-03-14 03:21:58.789+00', true) ON CONFLICT (id) DO NOTHING;
INSERT INTO "ChatMessage" ("id", "roomId", "senderId", "content", "createdAt", "isSystem") VALUES ('cmmprw0x70000akub0rxf5hjg', 'cmmni3bwq000oowubz71x1jp4', 'SYSTEM_BOT', '🎁 Đơn hàng #8Q6KU3BK ĐÃ ĐƯỢC BÀN GIAO!
Vui lòng vào chi tiết đơn hàng để xem nội dung và xác nhận hoàn thành để giải ngân cho người bán.', '2026-03-14 03:35:19.723+00', true) ON CONFLICT (id) DO NOTHING;
INSERT INTO "ChatMessage" ("id", "roomId", "senderId", "content", "createdAt", "isSystem") VALUES ('cmmpsqzg70001y0ubizn8pcdb', 'cmmni3bwq000oowubz71x1jp4', 'SYSTEM_BOT', '📦 Đơn đặt trước mới!
Mã đơn: #VYW2G852
Số lượng: 5
Thu nhập dự kiến: +15.832đ (Đang tạm giữ)
Vui lòng nhập thêm hàng để tự động giao cho người mua.', '2026-03-14 03:59:24.151+00', true) ON CONFLICT (id) DO NOTHING;
INSERT INTO "ChatMessage" ("id", "roomId", "senderId", "content", "createdAt", "isSystem") VALUES ('cmmpsqzgk0002y0ub4ujfof2a', 'cmmni3bx6000sowubc149j4sn', 'SYSTEM_BOT', '⏳ Bạn đã đặt trước thành công!
Mã đơn: #VYW2G852
Số lượng: 5
Số tiền: -16.665đ
Hàng sẽ được giao tự động khi người bán nhập kho. Bạn có thể huỷ bất kỳ lúc nào.', '2026-03-14 03:59:24.164+00', true) ON CONFLICT (id) DO NOTHING;
INSERT INTO "ChatMessage" ("id", "roomId", "senderId", "content", "createdAt", "isSystem") VALUES ('cmmpvjveo0003y0ubdbxgtzmm', 'cmmni3bx6000sowubc149j4sn', 'SYSTEM_BOT', '💰 Người bán đã gửi báo giá cho đơn #R0PDXH3D: **50.000đ** trong **100 giờ**.
Vui lòng vào chi tiết đơn hàng để Chấp nhận và Thanh toán.', '2026-03-14 05:17:51.167+00', true) ON CONFLICT (id) DO NOTHING;
INSERT INTO "ChatMessage" ("id", "roomId", "senderId", "content", "createdAt", "isSystem") VALUES ('cmmpvokr00004y0ubtwz4nk5h', 'cmmni3bwq000oowubz71x1jp4', 'SYSTEM_BOT', '✅ Khách hàng đã chấp nhận báo giá và thanh toán cho đơn #R0PDXH3D (50.000đ).
Vui lòng vào chi tiết đơn hàng và ấn BẮT ĐẦU LÀM.', '2026-03-14 05:21:30.636+00', true) ON CONFLICT (id) DO NOTHING;
INSERT INTO "ChatMessage" ("id", "roomId", "senderId", "content", "createdAt", "isSystem") VALUES ('cmmpvpndc0005y0ubfvtx29df', 'cmmni3bwq000oowubz71x1jp4', 'SYSTEM_BOT', '❌ Đơn đặt trước #VYW2G852 đã bị người mua huỷ. Số tiền tạm giữ đã được trả lại.', '2026-03-14 05:22:20.688+00', true) ON CONFLICT (id) DO NOTHING;
INSERT INTO "ChatMessage" ("id", "roomId", "senderId", "content", "createdAt", "isSystem") VALUES ('cmmpvr0va0007y0ubw5q73e5y', 'cmmni3bx6000sowubc149j4sn', 'SYSTEM_BOT', '💼 Có đơn đặt hàng dịch vụ mới!
Mã đơn: #RZYR8DAP
Khách đã thanh toán: 0đ (Đang tạm giữ).
Vui lòng vào chi tiết đơn và ấn BẮT ĐẦU LÀM.', '2026-03-14 05:23:24.838+00', true) ON CONFLICT (id) DO NOTHING;
INSERT INTO "ChatMessage" ("id", "roomId", "senderId", "content", "createdAt", "isSystem") VALUES ('cmmpvruu50008y0ubryggx8ze', 'cmmni3bwq000oowubz71x1jp4', 'SYSTEM_BOT', '👷 Người bán đã BẮT ĐẦU THỰC HIỆN đơn hàng #RZYR8DAP của bạn.
Thời gian bắt đầu được tính từ bây giờ.', '2026-03-14 05:24:03.677+00', true) ON CONFLICT (id) DO NOTHING;
INSERT INTO "ChatMessage" ("id", "roomId", "senderId", "content", "createdAt", "isSystem") VALUES ('cmmpvse8d0009y0ubsoptptj0', 'cmmni3bwq000oowubz71x1jp4', 'SYSTEM_BOT', '🕒 Người bán đã gửi yêu cầu gia hạn thêm 24 giờ thực hiện cho đơn hàng #RZYR8DAP (thiết kế phần mềm). Vui lòng vào trang Đơn hàng để xác nhận.', '2026-03-14 05:24:28.813+00', true) ON CONFLICT (id) DO NOTHING;
INSERT INTO "ChatMessage" ("id", "roomId", "senderId", "content", "createdAt", "isSystem") VALUES ('cmmpvslct000ay0ub6epobo4j', 'cmmni3bx6000sowubc149j4sn', 'SYSTEM_BOT', '✅ Khách hàng đã đồng ý gia hạn thêm 24 giờ cho đơn hàng #RZYR8DAP (thiết kế phần mềm).', '2026-03-14 05:24:38.045+00', true) ON CONFLICT (id) DO NOTHING;
INSERT INTO "ChatMessage" ("id", "roomId", "senderId", "content", "createdAt", "isSystem") VALUES ('cmmpvtqgp000cy0ubxr7iypnp', 'cmmni3bx6000sowubc149j4sn', 'SYSTEM_BOT', '💼 Có đơn đặt hàng dịch vụ mới!
Mã đơn: #FM8R9K4K
Khách đã thanh toán: 0đ (Đang tạm giữ).
Vui lòng vào chi tiết đơn và ấn BẮT ĐẦU LÀM.', '2026-03-14 05:25:31.321+00', true) ON CONFLICT (id) DO NOTHING;
INSERT INTO "ChatMessage" ("id", "roomId", "senderId", "content", "createdAt", "isSystem") VALUES ('cmmpw2sla000ey0ubd4yo76s8', 'cmmni3bx6000sowubc149j4sn', 'SYSTEM_BOT', '✅ Tuyệt vời! Gian hàng "thêm hàng mới" của bạn đã được duyệt và đang hiển thị trên sàn.', '2026-03-14 05:32:33.982+00', true) ON CONFLICT (id) DO NOTHING;
INSERT INTO "ChatMessage" ("id", "roomId", "senderId", "content", "createdAt", "isSystem") VALUES ('cmmpw3lct000hy0ubuaiy7nya', 'cmmni3bx6000sowubc149j4sn', 'SYSTEM_BOT', '💬 Có khách yêu cầu dịch vụ "chán"! 
Mã đơn: #6JS9OP30
Vui lòng vào chi tiết đơn để BÁO GIÁ cho khách hàng.', '2026-03-14 05:33:11.261+00', true) ON CONFLICT (id) DO NOTHING;
INSERT INTO "ChatMessage" ("id", "roomId", "senderId", "content", "createdAt", "isSystem") VALUES ('cmmpw3ld8000iy0ubj29p9glc', 'cmmni3bwq000oowubz71x1jp4', 'SYSTEM_BOT', '📝 Tạo đơn yêu cầu thành công!
Mã đơn: #6JS9OP30
Vui lòng chờ người bán phản hồi báo giá.', '2026-03-14 05:33:11.276+00', true) ON CONFLICT (id) DO NOTHING;
INSERT INTO "ChatMessage" ("id", "roomId", "senderId", "content", "createdAt", "isSystem") VALUES ('cmmpw49xt000jy0ub6uf1iq2d', 'cmmni3bwq000oowubz71x1jp4', 'SYSTEM_BOT', '👷 Người bán đã BẮT ĐẦU THỰC HIỆN đơn hàng #FM8R9K4K của bạn.
Thời gian bắt đầu được tính từ bây giờ.', '2026-03-14 05:33:43.121+00', true) ON CONFLICT (id) DO NOTHING;
INSERT INTO "ChatMessage" ("id", "roomId", "senderId", "content", "createdAt", "isSystem") VALUES ('cmmpw4hoq000ky0ubtgsaix11', 'cmmni3bwq000oowubz71x1jp4', 'SYSTEM_BOT', '💰 Người bán đã gửi báo giá cho đơn #6JS9OP30: **50.000đ** trong **200 giờ**.
Vui lòng vào chi tiết đơn hàng để Chấp nhận và Thanh toán.', '2026-03-14 05:33:53.162+00', true) ON CONFLICT (id) DO NOTHING;
INSERT INTO "ChatMessage" ("id", "roomId", "senderId", "content", "createdAt", "isSystem") VALUES ('cmmpw4uek000ly0ubpkrjwlbt', 'cmmni3bx6000sowubc149j4sn', 'SYSTEM_BOT', '✅ Khách hàng đã chấp nhận báo giá và thanh toán cho đơn #6JS9OP30 (50.000đ).
Vui lòng vào chi tiết đơn hàng và ấn BẮT ĐẦU LÀM.', '2026-03-14 05:34:09.644+00', true) ON CONFLICT (id) DO NOTHING;
INSERT INTO "ChatMessage" ("id", "roomId", "senderId", "content", "createdAt", "isSystem") VALUES ('cmmpw4ytu000my0uby5b64ne4', 'cmmni3bwq000oowubz71x1jp4', 'SYSTEM_BOT', '👷 Người bán đã BẮT ĐẦU THỰC HIỆN đơn hàng #6JS9OP30 của bạn.
Thời gian bắt đầu được tính từ bây giờ.', '2026-03-14 05:34:15.378+00', true) ON CONFLICT (id) DO NOTHING;
INSERT INTO "ChatMessage" ("id", "roomId", "senderId", "content", "createdAt", "isSystem") VALUES ('cmmpwk5gm000ny0ubwz6edynq', 'cmmnh58qd0000j4ubu6mf3205', 'cmmlti6s6000180ub3xz4lzfc', 'aa', '2026-03-14 05:46:03.813+00', false) ON CONFLICT (id) DO NOTHING;
INSERT INTO "ChatMessage" ("id", "roomId", "senderId", "content", "createdAt", "isSystem") VALUES ('cmmpwy95x000oy0ub8gemqq10', 'cmmni3bwq000oowubz71x1jp4', 'SYSTEM_BOT', '🎁 Đơn hàng #6JS9OP30 ĐÃ ĐƯỢC BÀN GIAO!
Vui lòng vào chi tiết đơn hàng để xem nội dung và xác nhận hoàn thành để giải ngân cho người bán.', '2026-03-14 05:57:01.797+00', true) ON CONFLICT (id) DO NOTHING;
INSERT INTO "ChatMessage" ("id", "roomId", "senderId", "content", "createdAt", "isSystem") VALUES ('cmmpx80z60001y4ubrml4krzo', 'cmmni3bx6000sowubc149j4sn', 'SYSTEM_BOT', '💬 Có khách yêu cầu dịch vụ "aa"! 
Mã đơn: #WYTIF92O
Vui lòng vào chi tiết đơn để BÁO GIÁ cho khách hàng.', '2026-03-14 06:04:37.746+00', true) ON CONFLICT (id) DO NOTHING;
INSERT INTO "ChatMessage" ("id", "roomId", "senderId", "content", "createdAt", "isSystem") VALUES ('cmmpx80zo0002y4ubf9nrjj03', 'cmmni3bwq000oowubz71x1jp4', 'SYSTEM_BOT', '📝 Tạo đơn yêu cầu thành công!
Mã đơn: #WYTIF92O
Vui lòng chờ người bán phản hồi báo giá.', '2026-03-14 06:04:37.764+00', true) ON CONFLICT (id) DO NOTHING;
INSERT INTO "ChatMessage" ("id", "roomId", "senderId", "content", "createdAt", "isSystem") VALUES ('cmmpx8jwd0003y4ub9eqfty6r', 'cmmni3bwq000oowubz71x1jp4', 'SYSTEM_BOT', '💰 Người bán đã gửi báo giá cho đơn #WYTIF92O: **50.000đ** trong **20 giờ**.
Vui lòng vào chi tiết đơn hàng để Chấp nhận và Thanh toán.', '2026-03-14 06:05:02.269+00', true) ON CONFLICT (id) DO NOTHING;
INSERT INTO "ChatMessage" ("id", "roomId", "senderId", "content", "createdAt", "isSystem") VALUES ('cmmpx8tkn0004y4ubg70p1xtq', 'cmmni3bx6000sowubc149j4sn', 'SYSTEM_BOT', '✅ Khách hàng đã chấp nhận báo giá và thanh toán cho đơn #WYTIF92O (50.000đ).
Vui lòng vào chi tiết đơn hàng và ấn BẮT ĐẦU LÀM.', '2026-03-14 06:05:14.807+00', true) ON CONFLICT (id) DO NOTHING;

SET session_replication_role = 'origin'; -- Re-enable triggers
