-- Manual Import Script v2 for Supabase

-- Users
INSERT INTO "User" (id, username, email, "passwordHash", balance, "holdBalance", role, "telegramId", "twoFactorSecret", "twoFactorEnabled", level, "totalRevenue", "isActive", avatar, "fullName", phone, "bankAccount", "bankName", "createdAt", "updatedAt") VALUES ('cmmlti6s0000080ubig2ivt4e', 'admin', 'admin@marketmmo.com', '$2b$10$KLSIhmoWwqfYyV0DFE/X9uilFYVrgEJz9za2fIxPD1ohqZVFMYrzO', 0, 0, 'ADMIN', NULL, NULL, false, 0, 0, true, NULL, 'Admin MarketMMO', NULL, NULL, NULL, '2026-03-11 09:09:28.656+00', '2026-03-11 09:15:59.084+00') ON CONFLICT (id) DO NOTHING;
INSERT INTO "User" (id, username, email, "passwordHash", balance, "holdBalance", role, "telegramId", "twoFactorSecret", "twoFactorEnabled", level, "totalRevenue", "isActive", avatar, "fullName", phone, "bankAccount", "bankName", "createdAt", "updatedAt") VALUES ('cmmlti6s6000180ub3xz4lzfc', 'lenhattuan', 'lenhattuan@gmail.com', '$2b$10$KLSIhmoWwqfYyV0DFE/X9uilFYVrgEJz9za2fIxPD1ohqZVFMYrzO', 144037, 95000, 'SELLER', NULL, NULL, false, 2, 12690000, true, NULL, 'Lê Nhật Tuấn', NULL, NULL, NULL, '2026-03-11 09:09:28.662+00', '2026-03-14 06:05:14.793+00') ON CONFLICT (id) DO NOTHING;
INSERT INTO "User" (id, username, email, "passwordHash", balance, "holdBalance", role, "telegramId", "twoFactorSecret", "twoFactorEnabled", level, "totalRevenue", "isActive", avatar, "fullName", phone, "bankAccount", "bankName", "createdAt", "updatedAt") VALUES ('cmmlti6s6000280ubakwfo16p', 'truongphuchl', 'truongphuc@gmail.com', '$2b$10$KLSIhmoWwqfYyV0DFE/X9uilFYVrgEJz9za2fIxPD1ohqZVFMYrzO', 266783, 264184, 'SELLER', NULL, NULL, false, 1, 8006783, true, NULL, 'Trường Phúc', NULL, NULL, NULL, '2026-03-11 09:09:28.662+00', '2026-03-14 06:05:14.792+00') ON CONFLICT (id) DO NOTHING;
INSERT INTO "User" (id, username, email, "passwordHash", balance, "holdBalance", role, "telegramId", "twoFactorSecret", "twoFactorEnabled", level, "totalRevenue", "isActive", avatar, "fullName", phone, "bankAccount", "bankName", "createdAt", "updatedAt") VALUES ('cmmlti6s6000380ubgwr4gij8', '1trieumail', '1trieumail@gmail.com', '$2b$10$KLSIhmoWwqfYyV0DFE/X9uilFYVrgEJz9za2fIxPD1ohqZVFMYrzO', 900000, 0, 'SELLER', NULL, NULL, false, 3, 55000000, true, NULL, 'Một Triệu Mail', NULL, NULL, NULL, '2026-03-11 09:09:28.662+00', '2026-03-11 09:15:59.084+00') ON CONFLICT (id) DO NOTHING;
INSERT INTO "User" (id, username, email, "passwordHash", balance, "holdBalance", role, "telegramId", "twoFactorSecret", "twoFactorEnabled", level, "totalRevenue", "isActive", avatar, "fullName", phone, "bankAccount", "bankName", "createdAt", "updatedAt") VALUES ('cmmlti6s6000480ubiln4ogmu', 'bearmedia', 'bearmedia@gmail.com', '$2b$10$KLSIhmoWwqfYyV0DFE/X9uilFYVrgEJz9za2fIxPD1ohqZVFMYrzO', 220000, 0, 'SELLER', NULL, NULL, false, 1, 3200000, true, NULL, 'Bear Media', NULL, NULL, NULL, '2026-03-11 09:09:28.662+00', '2026-03-11 09:15:59.084+00') ON CONFLICT (id) DO NOTHING;
INSERT INTO "User" (id, username, email, "passwordHash", balance, "holdBalance", role, "telegramId", "twoFactorSecret", "twoFactorEnabled", level, "totalRevenue", "isActive", avatar, "fullName", phone, "bankAccount", "bankName", "createdAt", "updatedAt") VALUES ('cmmlti6sj000580ubf7tl9g2r', 'nguyenvan', 'nguyenvan@gmail.com', '$2b$10$KLSIhmoWwqfYyV0DFE/X9uilFYVrgEJz9za2fIxPD1ohqZVFMYrzO', 250000, 0, 'BUYER', NULL, NULL, false, 0, 0, true, NULL, 'Nguyễn Văn A', NULL, NULL, NULL, '2026-03-11 09:09:28.675+00', '2026-03-11 09:15:59.084+00') ON CONFLICT (id) DO NOTHING;
INSERT INTO "User" (id, username, email, "passwordHash", balance, "holdBalance", role, "telegramId", "twoFactorSecret", "twoFactorEnabled", level, "totalRevenue", "isActive", avatar, "fullName", phone, "bankAccount", "bankName", "createdAt", "updatedAt") VALUES ('cmmlti6sj000680ub7tzgxgl9', 'tranthib', 'tranthib@gmail.com', '$2b$10$KLSIhmoWwqfYyV0DFE/X9uilFYVrgEJz9za2fIxPD1ohqZVFMYrzO', 80000, 0, 'BUYER', NULL, NULL, false, 0, 0, true, NULL, 'Trần Thị B', NULL, NULL, NULL, '2026-03-11 09:09:28.675+00', '2026-03-11 09:15:59.084+00') ON CONFLICT (id) DO NOTHING;
INSERT INTO "User" (id, username, email, "passwordHash", balance, "holdBalance", role, "telegramId", "twoFactorSecret", "twoFactorEnabled", level, "totalRevenue", "isActive", avatar, "fullName", phone, "bankAccount", "bankName", "createdAt", "updatedAt") VALUES ('cmmlti6sj000780ub0a3i1spw', 'hoangc', 'hoangc@gmail.com', '$2b$10$KLSIhmoWwqfYyV0DFE/X9uilFYVrgEJz9za2fIxPD1ohqZVFMYrzO', 500000, 0, 'BUYER', NULL, NULL, false, 0, 0, true, NULL, 'Hoàng C', NULL, NULL, NULL, '2026-03-11 09:09:28.675+00', '2026-03-11 09:15:59.084+00') ON CONFLICT (id) DO NOTHING;
INSERT INTO "User" (id, username, email, "passwordHash", balance, "holdBalance", role, "telegramId", "twoFactorSecret", "twoFactorEnabled", level, "totalRevenue", "isActive", avatar, "fullName", phone, "bankAccount", "bankName", "createdAt", "updatedAt") VALUES ('cmmlti6sj000880ub5w691f10', 'phamd', 'phamd@gmail.com', '$2b$10$KLSIhmoWwqfYyV0DFE/X9uilFYVrgEJz9za2fIxPD1ohqZVFMYrzO', 150000, 0, 'BUYER', NULL, NULL, false, 0, 0, true, NULL, 'Phạm D', NULL, NULL, NULL, '2026-03-11 09:09:28.675+00', '2026-03-11 09:15:59.084+00') ON CONFLICT (id) DO NOTHING;
INSERT INTO "User" (id, username, email, "passwordHash", balance, "holdBalance", role, "telegramId", "twoFactorSecret", "twoFactorEnabled", level, "totalRevenue", "isActive", avatar, "fullName", phone, "bankAccount", "bankName", "createdAt", "updatedAt") VALUES ('cmmlti6sj000980ubgvnfdtnm', 'voe', 'voe@gmail.com', '$2b$10$KLSIhmoWwqfYyV0DFE/X9uilFYVrgEJz9za2fIxPD1ohqZVFMYrzO', 20000, 0, 'BUYER', NULL, NULL, false, 0, 0, true, NULL, 'Võ E', NULL, NULL, NULL, '2026-03-11 09:09:28.675+00', '2026-03-11 09:15:59.084+00') ON CONFLICT (id) DO NOTHING;
INSERT INTO "User" (id, username, email, "passwordHash", balance, "holdBalance", role, "telegramId", "twoFactorSecret", "twoFactorEnabled", level, "totalRevenue", "isActive", avatar, "fullName", phone, "bankAccount", "bankName", "createdAt", "updatedAt") VALUES ('SYSTEM_BOT', 'Hệ thống', 'system@marketmmo.com', 'n/a', 0, 0, 'ADMIN', NULL, NULL, false, 0, 0, true, 'https://cdn-icons-png.flaticon.com/512/2593/2593635.png', 'Chăm sóc khách hàng', NULL, NULL, NULL, '2026-03-12 13:25:32.032+00', '2026-03-12 13:25:32.032+00') ON CONFLICT (id) DO NOTHING;
INSERT INTO "User" (id, username, email, "passwordHash", balance, "holdBalance", role, "telegramId", "twoFactorSecret", "twoFactorEnabled", level, "totalRevenue", "isActive", avatar, "fullName", phone, "bankAccount", "bankName", "createdAt", "updatedAt") VALUES ('cmmo7b48i0003vgubebo1xcey', 'voanhtk', 'voanhtk5@gmail.com', '$2b$10$7/Imj2Le88Ga4eaChUx7AOReGD6URYdNs8tETfQdqVZ4GZ1XA15W6', 0, 0, 'SELLER', NULL, NULL, false, 0, 0, true, NULL, 'truong tuan', '0933465422', '651000123123', 'vietcombank', '2026-03-13 01:11:25.746+00', '2026-03-13 01:32:06.423+00') ON CONFLICT (id) DO NOTHING;
INSERT INTO "User" (id, username, email, "passwordHash", balance, "holdBalance", role, "telegramId", "twoFactorSecret", "twoFactorEnabled", level, "totalRevenue", "isActive", avatar, "fullName", phone, "bankAccount", "bankName", "createdAt", "updatedAt") VALUES ('cmmo9iqbt00003wubwp5ujljo', 'testuser999', 'testuser999@example.com', '$2b$10$/X/xAomRBKGkgQZgLz9Si.UfUEoVmSUub6mv0jS97uMlFjn00c4h2', 0, 0, 'BUYER', NULL, NULL, false, 0, 0, true, NULL, NULL, NULL, NULL, NULL, '2026-03-13 02:13:20.201+00', '2026-03-13 02:13:20.201+00') ON CONFLICT (id) DO NOTHING;

-- Categories
INSERT INTO "Category" (id, name, slug, icon, "parentId", "createdAt") VALUES ('cmmlti6t0000a80ub3twnkitp', 'Sản phẩm số', 'san-pham-so', NULL, NULL, '2026-03-11 09:09:28.692+00') ON CONFLICT (id) DO NOTHING;
INSERT INTO "Category" (id, name, slug, icon, "parentId", "createdAt") VALUES ('cmmlti6t0000b80ubxgubi197', 'Dịch vụ', 'dich-vu', NULL, NULL, '2026-03-11 09:09:28.692+00') ON CONFLICT (id) DO NOTHING;
INSERT INTO "Category" (id, name, slug, icon, "parentId", "createdAt") VALUES ('cmmlti6t7000c80ubzctsw1gq', 'Tài khoản Facebook', 'tai-khoan-fb', NULL, 'cmmlti6t0000a80ub3twnkitp', '2026-03-11 09:09:28.699+00') ON CONFLICT (id) DO NOTHING;
INSERT INTO "Category" (id, name, slug, icon, "parentId", "createdAt") VALUES ('cmmlti6t7000d80ub2dojpwq5', 'Gmail', 'gmail', NULL, 'cmmlti6t0000a80ub3twnkitp', '2026-03-11 09:09:28.699+00') ON CONFLICT (id) DO NOTHING;
INSERT INTO "Category" (id, name, slug, icon, "parentId", "createdAt") VALUES ('cmmlti6t7000e80ubljh2qbc6', 'Tài khoản TikTok', 'tai-khoan-tiktok', NULL, 'cmmlti6t0000a80ub3twnkitp', '2026-03-11 09:09:28.699+00') ON CONFLICT (id) DO NOTHING;
INSERT INTO "Category" (id, name, slug, icon, "parentId", "createdAt") VALUES ('cmmlti6t7000f80ubaqau777n', 'Tài khoản Zalo', 'tai-khoan-zalo', NULL, 'cmmlti6t0000a80ub3twnkitp', '2026-03-11 09:09:28.699+00') ON CONFLICT (id) DO NOTHING;
INSERT INTO "Category" (id, name, slug, icon, "parentId", "createdAt") VALUES ('cmmlti6t7000g80ub19svrn0x', 'Key phần mềm', 'key-phan-mem', NULL, 'cmmlti6t0000a80ub3twnkitp', '2026-03-11 09:09:28.699+00') ON CONFLICT (id) DO NOTHING;
INSERT INTO "Category" (id, name, slug, icon, "parentId", "createdAt") VALUES ('cmmlti6t7000h80ublqz7ituz', 'Tài khoản CapCut', 'tai-khoan-capcut', NULL, 'cmmlti6t0000a80ub3twnkitp', '2026-03-11 09:09:28.699+00') ON CONFLICT (id) DO NOTHING;
INSERT INTO "Category" (id, name, slug, icon, "parentId", "createdAt") VALUES ('cmmlti6tn000i80ubohhsyk8w', 'Marketing', 'marketing', NULL, 'cmmlti6t0000b80ubxgubi197', '2026-03-11 09:09:28.715+00') ON CONFLICT (id) DO NOTHING;
INSERT INTO "Category" (id, name, slug, icon, "parentId", "createdAt") VALUES ('cmmlti6tn000j80ub1of6q78n', 'Tăng tương tác', 'tang-tuong-tac', NULL, 'cmmlti6t0000b80ubxgubi197', '2026-03-11 09:09:28.715+00') ON CONFLICT (id) DO NOTHING;
INSERT INTO "Category" (id, name, slug, icon, "parentId", "createdAt") VALUES ('cmmlti6tn000k80ubo4hm7o82', 'Thiết kế', 'thiet-ke', NULL, 'cmmlti6t0000b80ubxgubi197', '2026-03-11 09:09:28.715+00') ON CONFLICT (id) DO NOTHING;

-- Products
INSERT INTO "Product" (id, "sellerId", "categoryId", title, slug, "shortDescription", description, type, price, "priceMax", thumbnail, status, "isFeatured", "isSponsored", "viewCount", "soldCount", rating, "warrantyDays", "lastSoldAt", "isService", "allowBidding", "deliveryTimeHours", "createdAt", "updatedAt") VALUES ('cmmlti6tx000l80ubm4syx6xh', 'cmmlti6s6000180ub3xz4lzfc', 'cmmlti6t7000c80ubzctsw1gq', 'Facebook có 1000-5000 bạn bè và có nhiều bài đăng 2023-2025', 'facebook-1000-5000-ban', NULL, 'Nick FB người dùng thật, nhiều bạn bè, full backup. Bảo hành 24h đổi nick.', 'DIGITAL', 40000, 280000, NULL, 'ACTIVE', true, true, 4440, 4460, 4.8, 3, NULL, false, false, NULL, '2026-03-11 09:09:28.725+00', '2026-03-11 09:09:28.725+00') ON CONFLICT (id) DO NOTHING;
INSERT INTO "Product" (id, "sellerId", "categoryId", title, slug, "shortDescription", description, type, price, "priceMax", thumbnail, status, "isFeatured", "isSponsored", "viewCount", "soldCount", rating, "warrantyDays", "lastSoldAt", "isService", "allowBidding", "deliveryTimeHours", "createdAt", "updatedAt") VALUES ('cmmlti6ty000m80ub73od1wxw', 'cmmlti6s6000380ubgwr4gij8', 'cmmlti6t7000c80ubzctsw1gq', 'Clone FB - VIA Việt 200x - 2026 | 2FA - VER HOTMAIL | Chất lượng cao', 'clone-fb-via-viet-200x', NULL, 'Clone FB chất lượng cao, verify bằng hotmail, bảo hành 7 ngày.', 'DIGITAL', 2300, 16500, NULL, 'ACTIVE', false, true, 12767, 22, 4.3, 3, NULL, false, false, NULL, '2026-03-11 09:09:28.726+00', '2026-03-11 09:09:28.726+00') ON CONFLICT (id) DO NOTHING;
INSERT INTO "Product" (id, "sellerId", "categoryId", title, slug, "shortDescription", description, type, price, "priceMax", thumbnail, status, "isFeatured", "isSponsored", "viewCount", "soldCount", rating, "warrantyDays", "lastSoldAt", "isService", "allowBidding", "deliveryTimeHours", "createdAt", "updatedAt") VALUES ('cmmlti6tz000n80ub0ecwfqsd', 'cmmlti6s6000280ubakwfo16p', 'cmmlti6t7000d80ub2dojpwq5', 'Gmail tháng 8 2025 có 2FA+MKP hạn chế thư', 'gmail-2025-2fa', NULL, 'Gmail cổ, full 2FA+MKP. Bao đăng nhập và đổi pass.', 'DIGITAL', 11999, NULL, NULL, 'ACTIVE', true, true, 1770, 2120, 4.9, 3, NULL, false, false, NULL, '2026-03-11 09:09:28.727+00', '2026-03-11 09:09:28.727+00') ON CONFLICT (id) DO NOTHING;
INSERT INTO "Product" (id, "sellerId", "categoryId", title, slug, "shortDescription", description, type, price, "priceMax", thumbnail, status, "isFeatured", "isSponsored", "viewCount", "soldCount", rating, "warrantyDays", "lastSoldAt", "isService", "allowBidding", "deliveryTimeHours", "createdAt", "updatedAt") VALUES ('cmmlti6tz000o80ubz5nzwibg', 'cmmlti6s6000380ubgwr4gij8', 'cmmlti6t7000d80ub2dojpwq5', 'Tài khoản Gmail Cổ-New-Gmail domain | Cho thuê gmail edu chỉ từ 58đ', 'gmail-co-new-domain', NULL, 'Gmail đa dạng từ gmail cổ đến gmail edu. Cho thuê giá rẻ.', 'DIGITAL', 58, 27000, NULL, 'ACTIVE', false, true, 64879, 10499, 4.7, 3, NULL, false, false, NULL, '2026-03-11 09:09:28.727+00', '2026-03-11 09:09:28.727+00') ON CONFLICT (id) DO NOTHING;
INSERT INTO "Product" (id, "sellerId", "categoryId", title, slug, "shortDescription", description, type, price, "priceMax", thumbnail, status, "isFeatured", "isSponsored", "viewCount", "soldCount", rating, "warrantyDays", "lastSoldAt", "isService", "allowBidding", "deliveryTimeHours", "createdAt", "updatedAt") VALUES ('cmmlti6u0000p80ub115utvl3', 'cmmlti6s6000380ubgwr4gij8', 'cmmlti6t7000d80ub2dojpwq5', 'Gmail Edu cho thuê giá rẻ 24H', 'gmail-edu-thue-24h', NULL, 'Gmail Edu chính hãng, bảo hành 24h.', 'DIGITAL', 49, 999, NULL, 'ACTIVE', false, false, 1909, 65664, 4.6, 3, NULL, false, false, NULL, '2026-03-11 09:09:28.728+00', '2026-03-11 09:09:28.728+00') ON CONFLICT (id) DO NOTHING;
INSERT INTO "Product" (id, "sellerId", "categoryId", title, slug, "shortDescription", description, type, price, "priceMax", thumbnail, status, "isFeatured", "isSponsored", "viewCount", "soldCount", rating, "warrantyDays", "lastSoldAt", "isService", "allowBidding", "deliveryTimeHours", "createdAt", "updatedAt") VALUES ('cmmlti6u0000q80ubo01uuhpp', 'cmmlti6s6000280ubakwfo16p', 'cmmlti6t7000e80ubljh2qbc6', 'Tài khoản TikTok cổ 2017-2022, nhiều follower', 'tiktok-co-2017-2022', NULL, 'TikTok cổ từ 2017-2022, có follower thật, không bị limit.', 'DIGITAL', 15000, 300000, NULL, 'CLOSED', false, true, 2340, 187, 4.5, 3, NULL, false, false, NULL, '2026-03-11 09:09:28.728+00', '2026-03-13 13:53:55.076+00') ON CONFLICT (id) DO NOTHING;
INSERT INTO "Product" (id, "sellerId", "categoryId", title, slug, "shortDescription", description, type, price, "priceMax", thumbnail, status, "isFeatured", "isSponsored", "viewCount", "soldCount", rating, "warrantyDays", "lastSoldAt", "isService", "allowBidding", "deliveryTimeHours", "createdAt", "updatedAt") VALUES ('cmmlti6u0000r80ubxw2brd6i', 'cmmlti6s6000180ub3xz4lzfc', 'cmmlti6t7000f80ubaqau777n', 'Tài khoản Zalo đăng ký SIM thật, full phone', 'zalo-sim-that-full-phone', NULL, 'Zalo đăng ký bằng SIM thật, đủ thông tin, không ảo.', 'DIGITAL', 8000, 25000, NULL, 'ACTIVE', false, false, 3200, 456, 4.4, 3, NULL, false, false, NULL, '2026-03-11 09:09:28.728+00', '2026-03-11 09:09:28.728+00') ON CONFLICT (id) DO NOTHING;
INSERT INTO "Product" (id, "sellerId", "categoryId", title, slug, "shortDescription", description, type, price, "priceMax", thumbnail, status, "isFeatured", "isSponsored", "viewCount", "soldCount", rating, "warrantyDays", "lastSoldAt", "isService", "allowBidding", "deliveryTimeHours", "createdAt", "updatedAt") VALUES ('cmmlti6u0000s80ubyglduhsf', 'cmmlti6s6000480ubiln4ogmu', 'cmmlti6t7000h80ublqz7ituz', 'Tài khoản CapCut Pro cấp sẵn', 'capcut-pro-cap-san', NULL, 'CapCut Pro bản quyền, full tính năng premium. Cấp nhanh 5 phút.', 'DIGITAL', 1000, 280000, NULL, 'ACTIVE', false, true, 3740, 442, 4.6, 3, NULL, false, false, NULL, '2026-03-11 09:09:28.728+00', '2026-03-11 09:09:28.728+00') ON CONFLICT (id) DO NOTHING;
INSERT INTO "Product" (id, "sellerId", "categoryId", title, slug, "shortDescription", description, type, price, "priceMax", thumbnail, status, "isFeatured", "isSponsored", "viewCount", "soldCount", rating, "warrantyDays", "lastSoldAt", "isService", "allowBidding", "deliveryTimeHours", "createdAt", "updatedAt") VALUES ('cmmlti6u0000t80ub9bpg9uyh', 'cmmlti6s6000180ub3xz4lzfc', 'cmmlti6t7000g80ub19svrn0x', 'Key Windows 11 Pro OEM - Kích hoạt vĩnh viễn', 'key-windows-11-pro-oem', NULL, 'Key Windows 11 Pro bản quyền, kích hoạt vĩnh viễn, không lo mất bản quyền.', 'DIGITAL', 50000, 120000, NULL, 'ACTIVE', true, false, 8900, 1230, 4.9, 3, NULL, false, false, NULL, '2026-03-11 09:09:28.728+00', '2026-03-11 09:09:28.728+00') ON CONFLICT (id) DO NOTHING;
INSERT INTO "Product" (id, "sellerId", "categoryId", title, slug, "shortDescription", description, type, price, "priceMax", thumbnail, status, "isFeatured", "isSponsored", "viewCount", "soldCount", rating, "warrantyDays", "lastSoldAt", "isService", "allowBidding", "deliveryTimeHours", "createdAt", "updatedAt") VALUES ('cmmlti6u0000u80ub1h6dt5q4', 'cmmlti6s6000280ubakwfo16p', 'cmmlti6t7000g80ub19svrn0x', 'Key Office 365 Business Premium - 1 năm', 'key-office-365-1nam', NULL, 'Office 365 Business Premium kích hoạt 1 năm, dùng được 5 thiết bị.', 'DIGITAL', 120000, 500000, NULL, 'ACTIVE', false, false, 5600, 890, 4.8, 3, NULL, false, false, NULL, '2026-03-11 09:09:28.728+00', '2026-03-11 09:09:28.728+00') ON CONFLICT (id) DO NOTHING;
INSERT INTO "Product" (id, "sellerId", "categoryId", title, slug, "shortDescription", description, type, price, "priceMax", thumbnail, status, "isFeatured", "isSponsored", "viewCount", "soldCount", rating, "warrantyDays", "lastSoldAt", "isService", "allowBidding", "deliveryTimeHours", "createdAt", "updatedAt") VALUES ('cmmlti6u0000v80ubool99nn4', 'cmmlti6s6000180ub3xz4lzfc', 'cmmlti6tn000j80ub1of6q78n', 'Tăng tương tác TikTok siêu nhanh - Hỗ trợ 24/7', 'tang-tuong-tac-tiktok', NULL, 'Buff like, share, comment TikTok. Tốc độ nhanh, bảo hành 30 ngày.', 'SERVICE', 1000, 6666, NULL, 'ACTIVE', false, true, 1200, 77, 4.5, 3, NULL, false, false, NULL, '2026-03-11 09:09:28.728+00', '2026-03-11 09:09:28.728+00') ON CONFLICT (id) DO NOTHING;
INSERT INTO "Product" (id, "sellerId", "categoryId", title, slug, "shortDescription", description, type, price, "priceMax", thumbnail, status, "isFeatured", "isSponsored", "viewCount", "soldCount", rating, "warrantyDays", "lastSoldAt", "isService", "allowBidding", "deliveryTimeHours", "createdAt", "updatedAt") VALUES ('cmmlti6u0000w80ubptubgdpu', 'cmmlti6s6000480ubiln4ogmu', 'cmmlti6tn000i80ubohhsyk8w', 'Chạy ADS Facebook, Google, Tiktok... - Tư vấn miễn phí', 'chay-ads-fb-google', NULL, 'Dịch vụ chạy quảng cáo đa nền tảng. Cam kết hiệu quả.', 'SERVICE', 1, 100, NULL, 'ACTIVE', false, true, 450, 125, 4.8, 3, NULL, false, false, NULL, '2026-03-11 09:09:28.728+00', '2026-03-11 09:09:28.728+00') ON CONFLICT (id) DO NOTHING;
INSERT INTO "Product" (id, "sellerId", "categoryId", title, slug, "shortDescription", description, type, price, "priceMax", thumbnail, status, "isFeatured", "isSponsored", "viewCount", "soldCount", rating, "warrantyDays", "lastSoldAt", "isService", "allowBidding", "deliveryTimeHours", "createdAt", "updatedAt") VALUES ('cmmlti6u1000x80ubquqxbnnx', 'cmmlti6s6000280ubakwfo16p', 'cmmlti6tn000k80ubo4hm7o82', 'Thiết kế logo chuyên nghiệp - Giao hàng 24h', 'thiet-ke-logo-chuyen-nghiep', NULL, 'Nhận thiết kế logo chuẩn theo yêu cầu. File gốc AI/PSD.', 'SERVICE', 50000, 500000, NULL, 'ACTIVE', false, false, 780, 43, 4.7, 3, NULL, false, false, NULL, '2026-03-11 09:09:28.729+00', '2026-03-11 09:09:28.729+00') ON CONFLICT (id) DO NOTHING;
INSERT INTO "Product" (id, "sellerId", "categoryId", title, slug, "shortDescription", description, type, price, "priceMax", thumbnail, status, "isFeatured", "isSponsored", "viewCount", "soldCount", rating, "warrantyDays", "lastSoldAt", "isService", "allowBidding", "deliveryTimeHours", "createdAt", "updatedAt") VALUES ('cmmlti6u1000y80ub4wezfbeh', 'cmmlti6s6000380ubgwr4gij8', 'cmmlti6t7000c80ubzctsw1gq', 'Tài khoản Twitter cổ từ 2006-2022', 'twitter-co-2006-2022', NULL, 'Twitter cổ, xác thực email, không bị suspended.', 'DIGITAL', 11000, 30000, NULL, 'ACTIVE', false, false, 4140, 1, 4.5, 3, NULL, false, false, NULL, '2026-03-11 09:09:28.729+00', '2026-03-11 09:09:28.729+00') ON CONFLICT (id) DO NOTHING;
INSERT INTO "Product" (id, "sellerId", "categoryId", title, slug, "shortDescription", description, type, price, "priceMax", thumbnail, status, "isFeatured", "isSponsored", "viewCount", "soldCount", rating, "warrantyDays", "lastSoldAt", "isService", "allowBidding", "deliveryTimeHours", "createdAt", "updatedAt") VALUES ('cmmm1xnwd0003koubyb7is1bt', 'cmmlti6s6000280ubakwfo16p', 'cmmlti6t7000d80ub2dojpwq5', 'sản phẩm 1', 'san-pham-1-k4u56', NULL, '', 'DIGITAL', 222, 333, NULL, 'ACTIVE', false, false, 0, 0, 0, 3, NULL, false, false, NULL, '2026-03-11 13:05:27.613+00', '2026-03-11 13:05:27.613+00') ON CONFLICT (id) DO NOTHING;
INSERT INTO "Product" (id, "sellerId", "categoryId", title, slug, "shortDescription", description, type, price, "priceMax", thumbnail, status, "isFeatured", "isSponsored", "viewCount", "soldCount", rating, "warrantyDays", "lastSoldAt", "isService", "allowBidding", "deliveryTimeHours", "createdAt", "updatedAt") VALUES ('cmmm20fcv0000fcubw61av3cy', 'cmmlti6s6000280ubakwfo16p', 'cmmlti6t7000d80ub2dojpwq5', 'gmail', 'gmail-26hnx', NULL, '', 'DIGITAL', 333, 333, NULL, 'ACTIVE', false, false, 0, 11, 0, 3, NULL, false, false, NULL, '2026-03-11 13:07:36.510+00', '2026-03-11 14:29:18.401+00') ON CONFLICT (id) DO NOTHING;
INSERT INTO "Product" (id, "sellerId", "categoryId", title, slug, "shortDescription", description, type, price, "priceMax", thumbnail, status, "isFeatured", "isSponsored", "viewCount", "soldCount", rating, "warrantyDays", "lastSoldAt", "isService", "allowBidding", "deliveryTimeHours", "createdAt", "updatedAt") VALUES ('cmmmrkf2300005wub2f8xtgvv', 'cmmlti6s6000280ubakwfo16p', 'cmmlti6t7000d80ub2dojpwq5', 'gmail cổ', 'gmail-co-li3yv', NULL, '', 'DIGITAL', 80000, 100000, NULL, 'ACTIVE', false, false, 0, 4, 0, 7, NULL, false, false, NULL, '2026-03-12 01:02:59.643+00', '2026-03-12 04:05:16.382+00') ON CONFLICT (id) DO NOTHING;
INSERT INTO "Product" (id, "sellerId", "categoryId", title, slug, "shortDescription", description, type, price, "priceMax", thumbnail, status, "isFeatured", "isSponsored", "viewCount", "soldCount", rating, "warrantyDays", "lastSoldAt", "isService", "allowBidding", "deliveryTimeHours", "createdAt", "updatedAt") VALUES ('cmmmtrk7a000050ubkhu1ksqu', 'cmmlti6s6000280ubakwfo16p', 'cmmlti6t7000d80ub2dojpwq5', 'test anh', 'test-anh-1mzvz', 'Mô tả ngắn', 'Mô tả chi tiết gian hàng', 'DIGITAL', 2000, 3333, '/uploads/1773281031636-ao.jpg', 'ACTIVE', false, false, 0, 13, 5, 3, '2026-03-14 03:59:24.102+00', false, false, NULL, '2026-03-12 02:04:32.134+00', '2026-03-14 03:59:24.119+00') ON CONFLICT (id) DO NOTHING;
INSERT INTO "Product" (id, "sellerId", "categoryId", title, slug, "shortDescription", description, type, price, "priceMax", thumbnail, status, "isFeatured", "isSponsored", "viewCount", "soldCount", rating, "warrantyDays", "lastSoldAt", "isService", "allowBidding", "deliveryTimeHours", "createdAt", "updatedAt") VALUES ('cmmn3o0z20000fgub6bid1ej3', 'cmmlti6s6000280ubakwfo16p', 'cmmlti6t7000d80ub2dojpwq5', 'test', 'test-vpt9c', NULL, '', 'DIGITAL', 100000, NULL, NULL, 'ACTIVE', false, false, 0, 0, 0, 3, NULL, false, false, NULL, '2026-03-12 06:41:43.406+00', '2026-03-12 06:41:43.406+00') ON CONFLICT (id) DO NOTHING;
INSERT INTO "Product" (id, "sellerId", "categoryId", title, slug, "shortDescription", description, type, price, "priceMax", thumbnail, status, "isFeatured", "isSponsored", "viewCount", "soldCount", rating, "warrantyDays", "lastSoldAt", "isService", "allowBidding", "deliveryTimeHours", "createdAt", "updatedAt") VALUES ('cmmn7pyka0003fgubqxhcpux1', 'cmmlti6s6000280ubakwfo16p', 'cmmlti6t7000d80ub2dojpwq5', 'gmail cổ', 'gmail-co-yzczr', NULL, '', 'DIGITAL', 100000, 200000, NULL, 'ACTIVE', false, false, 0, 0, 0, 3, NULL, false, false, NULL, '2026-03-12 08:35:12.058+00', '2026-03-12 08:35:12.058+00') ON CONFLICT (id) DO NOTHING;
INSERT INTO "Product" (id, "sellerId", "categoryId", title, slug, "shortDescription", description, type, price, "priceMax", thumbnail, status, "isFeatured", "isSponsored", "viewCount", "soldCount", rating, "warrantyDays", "lastSoldAt", "isService", "allowBidding", "deliveryTimeHours", "createdAt", "updatedAt") VALUES ('cmmo6tld50000vgubte6sejxs', 'cmmlti6s6000280ubakwfo16p', 'cmmlti6t7000d80ub2dojpwq5', 'test duyet', 'test-duyet-ln5f0', NULL, '', 'DIGITAL', 20000, NULL, NULL, 'CLOSED', false, false, 0, 0, 0, 3, NULL, false, false, NULL, '2026-03-13 00:57:48.137+00', '2026-03-13 11:16:53.027+00') ON CONFLICT (id) DO NOTHING;
INSERT INTO "Product" (id, "sellerId", "categoryId", title, slug, "shortDescription", description, type, price, "priceMax", thumbnail, status, "isFeatured", "isSponsored", "viewCount", "soldCount", rating, "warrantyDays", "lastSoldAt", "isService", "allowBidding", "deliveryTimeHours", "createdAt", "updatedAt") VALUES ('cmmolr7tl000h20ubje3b1kst', 'cmmlti6s6000280ubakwfo16p', 'cmmlti6t7000d80ub2dojpwq5', 'gmail mới', 'gmail-moi-zodhi', NULL, 'mô tả gian hàng', 'DIGITAL', 50000, 100000, '/uploads/1773388481443-f337a7dd-1859-4095-9ddd-bf7950ffdfd4.jpg', 'ACTIVE', false, false, 0, 3, 0, 7, '2026-03-13 15:07:13.375+00', false, false, NULL, '2026-03-13 07:55:51.513+00', '2026-03-13 15:07:13.401+00') ON CONFLICT (id) DO NOTHING;
INSERT INTO "Product" (id, "sellerId", "categoryId", title, slug, "shortDescription", description, type, price, "priceMax", thumbnail, status, "isFeatured", "isSponsored", "viewCount", "soldCount", rating, "warrantyDays", "lastSoldAt", "isService", "allowBidding", "deliveryTimeHours", "createdAt", "updatedAt") VALUES ('cmmpopbl30000r4ub1u4ubiny', 'cmmlti6s6000280ubakwfo16p', 'cmmlti6tn000k80ubo4hm7o82', 'thiết kế website', 'thiet-ke-website-1j8od', NULL, '', 'SERVICE', 0, NULL, NULL, 'ACTIVE', false, false, 0, 0, 0, 3, NULL, true, true, 48, '2026-03-14 02:06:08.103+00', '2026-03-14 02:16:19.542+00') ON CONFLICT (id) DO NOTHING;
INSERT INTO "Product" (id, "sellerId", "categoryId", title, slug, "shortDescription", description, type, price, "priceMax", thumbnail, status, "isFeatured", "isSponsored", "viewCount", "soldCount", rating, "warrantyDays", "lastSoldAt", "isService", "allowBidding", "deliveryTimeHours", "createdAt", "updatedAt") VALUES ('cmmppgopu00088gubfdvot4fd', 'cmmlti6s6000180ub3xz4lzfc', 'cmmlti6t7000g80ub19svrn0x', 'thiết kế phần mềm', 'thiet-ke-phan-mem-8l78f', NULL, '', 'SERVICE', 2, NULL, NULL, 'ACTIVE', false, false, 0, 0, 0, 7, NULL, true, false, NULL, '2026-03-14 02:27:24.834+00', '2026-03-14 02:27:51.849+00') ON CONFLICT (id) DO NOTHING;
INSERT INTO "Product" (id, "sellerId", "categoryId", title, slug, "shortDescription", description, type, price, "priceMax", thumbnail, status, "isFeatured", "isSponsored", "viewCount", "soldCount", rating, "warrantyDays", "lastSoldAt", "isService", "allowBidding", "deliveryTimeHours", "createdAt", "updatedAt") VALUES ('cmmpqjcnr0001owub3v205bab', 'cmmlti6s6000180ub3xz4lzfc', 'cmmlti6tn000i80ubohhsyk8w', 'ewrwer', 'ewrwer-uumo2', 'ưẻwer', '', 'SERVICE', 0, NULL, NULL, 'ACTIVE', false, false, 0, 0, 0, 3, NULL, true, true, NULL, '2026-03-14 02:57:28.791+00', '2026-03-14 02:57:37.906+00') ON CONFLICT (id) DO NOTHING;
INSERT INTO "Product" (id, "sellerId", "categoryId", title, slug, "shortDescription", description, type, price, "priceMax", thumbnail, status, "isFeatured", "isSponsored", "viewCount", "soldCount", rating, "warrantyDays", "lastSoldAt", "isService", "allowBidding", "deliveryTimeHours", "createdAt", "updatedAt") VALUES ('cmmpw2l4x000dy0ubw1mhs0x1', 'cmmlti6s6000180ub3xz4lzfc', 'cmmlti6t7000g80ub19svrn0x', 'thêm hàng mới', 'them-hang-moi-c5tpi', 'sss', '', 'SERVICE', 0, NULL, NULL, 'ACTIVE', false, false, 0, 0, 0, 3, NULL, true, true, NULL, '2026-03-14 05:32:24.321+00', '2026-03-14 05:32:33.964+00') ON CONFLICT (id) DO NOTHING;

-- ProductVariants
INSERT INTO "ProductVariant" (id, "productId", name, price, "allowBidding", description, "sortOrder", "createdAt", "deliveryTimeHours") VALUES ('cmmm20fd50001fcubm0e9lsqh', 'cmmm20fcv0000fcubw61av3cy', 'goi 1', 333, false, NULL, 0, '2026-03-11 13:07:36.521+00', NULL) ON CONFLICT (id) DO NOTHING;
INSERT INTO "ProductVariant" (id, "productId", name, price, "allowBidding", description, "sortOrder", "createdAt", "deliveryTimeHours") VALUES ('cmmm20fda0002fcubk3jpsu4x', 'cmmm20fcv0000fcubw61av3cy', 'goi 2', 333, false, NULL, 1, '2026-03-11 13:07:36.526+00', NULL) ON CONFLICT (id) DO NOTHING;
INSERT INTO "ProductVariant" (id, "productId", name, price, "allowBidding", description, "sortOrder", "createdAt", "deliveryTimeHours") VALUES ('cmmmrkf2600015wubtpe6gzkw', 'cmmmrkf2300005wub2f8xtgvv', 'gmail 2009-2015', 100000, false, NULL, 0, '2026-03-12 01:02:59.646+00', NULL) ON CONFLICT (id) DO NOTHING;
INSERT INTO "ProductVariant" (id, "productId", name, price, "allowBidding", description, "sortOrder", "createdAt", "deliveryTimeHours") VALUES ('cmmmrkf2800025wubb8uu0f4i', 'cmmmrkf2300005wub2f8xtgvv', 'gmail 2016-2022', 80000, false, NULL, 1, '2026-03-12 01:02:59.648+00', NULL) ON CONFLICT (id) DO NOTHING;
INSERT INTO "ProductVariant" (id, "productId", name, price, "allowBidding", description, "sortOrder", "createdAt", "deliveryTimeHours") VALUES ('cmmmtrk7h000150ub1uvgjcgo', 'cmmmtrk7a000050ubkhu1ksqu', '222', 2000, false, NULL, 0, '2026-03-12 02:04:32.141+00', NULL) ON CONFLICT (id) DO NOTHING;
INSERT INTO "ProductVariant" (id, "productId", name, price, "allowBidding", description, "sortOrder", "createdAt", "deliveryTimeHours") VALUES ('cmmmtrk7l000250ub0t2kxzvl', 'cmmmtrk7a000050ubkhu1ksqu', 'tttt', 3333, false, NULL, 1, '2026-03-12 02:04:32.145+00', NULL) ON CONFLICT (id) DO NOTHING;
INSERT INTO "ProductVariant" (id, "productId", name, price, "allowBidding", description, "sortOrder", "createdAt", "deliveryTimeHours") VALUES ('cmmn3o0z90001fgubsquung3w', 'cmmn3o0z20000fgub6bid1ej3', 'goi 1', 100000, false, NULL, 0, '2026-03-12 06:41:43.413+00', NULL) ON CONFLICT (id) DO NOTHING;
INSERT INTO "ProductVariant" (id, "productId", name, price, "allowBidding", description, "sortOrder", "createdAt", "deliveryTimeHours") VALUES ('cmmn7pykq0004fgub01h1ip2y', 'cmmn7pyka0003fgubqxhcpux1', 'mail 2009-2012', 200000, false, NULL, 0, '2026-03-12 08:35:12.074+00', NULL) ON CONFLICT (id) DO NOTHING;
INSERT INTO "ProductVariant" (id, "productId", name, price, "allowBidding", description, "sortOrder", "createdAt", "deliveryTimeHours") VALUES ('cmmn7pykx0005fgub4ppggq3v', 'cmmn7pyka0003fgubqxhcpux1', 'mail 2015-2020', 100000, false, NULL, 1, '2026-03-12 08:35:12.081+00', NULL) ON CONFLICT (id) DO NOTHING;
INSERT INTO "ProductVariant" (id, "productId", name, price, "allowBidding", description, "sortOrder", "createdAt", "deliveryTimeHours") VALUES ('cmmo6tldc0001vgub3urm575z', 'cmmo6tld50000vgubte6sejxs', 'mail 2013-2005', 20000, false, NULL, 0, '2026-03-13 00:57:48.144+00', NULL) ON CONFLICT (id) DO NOTHING;
INSERT INTO "ProductVariant" (id, "productId", name, price, "allowBidding", description, "sortOrder", "createdAt", "deliveryTimeHours") VALUES ('cmmolr7tt000i20ub5aqp0ytw', 'cmmolr7tl000h20ubje3b1kst', '2020-2022', 50000, false, 'Email cổ', 0, '2026-03-13 07:55:51.521+00', NULL) ON CONFLICT (id) DO NOTHING;
INSERT INTO "ProductVariant" (id, "productId", name, price, "allowBidding", description, "sortOrder", "createdAt", "deliveryTimeHours") VALUES ('cmmolr7tx000j20ubfeb40e86', 'cmmolr7tl000h20ubje3b1kst', '2018-2009', 100000, false, 'Email mới', 1, '2026-03-13 07:55:51.525+00', NULL) ON CONFLICT (id) DO NOTHING;
INSERT INTO "ProductVariant" (id, "productId", name, price, "allowBidding", description, "sortOrder", "createdAt", "deliveryTimeHours") VALUES ('cmmose8hf0000v8ub76l50vy0', 'cmmolr7tl000h20ubje3b1kst', '202-2026', 20000, false, NULL, 2, '2026-03-13 11:01:43.155+00', NULL) ON CONFLICT (id) DO NOTHING;
INSERT INTO "ProductVariant" (id, "productId", name, price, "allowBidding", description, "sortOrder", "createdAt", "deliveryTimeHours") VALUES ('cmmpp0pp500008gub58i1p1zp', 'cmmpopbl30000r4ub1u4ubiny', 'thiết kế website', 0, true, NULL, 1, '2026-03-14 02:14:59.609+00', NULL) ON CONFLICT (id) DO NOTHING;
INSERT INTO "ProductVariant" (id, "productId", name, price, "allowBidding", description, "sortOrder", "createdAt", "deliveryTimeHours") VALUES ('cmmppgoq100098gubl8dcrinn', 'cmmppgopu00088gubfdvot4fd', 'phần mềm', 0, true, '', 0, '2026-03-14 02:27:24.841+00', NULL) ON CONFLICT (id) DO NOTHING;
INSERT INTO "ProductVariant" (id, "productId", name, price, "allowBidding", description, "sortOrder", "createdAt", "deliveryTimeHours") VALUES ('cmmpqk1ra0003owubbvg8bhho', 'cmmpqjcnr0001owub3v205bab', 'aa', 0, true, NULL, 1, '2026-03-14 02:58:01.318+00', NULL) ON CONFLICT (id) DO NOTHING;
INSERT INTO "ProductVariant" (id, "productId", name, price, "allowBidding", description, "sortOrder", "createdAt", "deliveryTimeHours") VALUES ('cmmpw33nz000fy0ub4oj420mc', 'cmmpw2l4x000dy0ubw1mhs0x1', 'chán', 0, true, NULL, 1, '2026-03-14 05:32:48.335+00', NULL) ON CONFLICT (id) DO NOTHING;

-- ProductItems
INSERT INTO "ProductItem" (id, "productId", "variantId", content, "isSold", "soldAt", "createdAt") VALUES ('cmmmy1yk400002cub2hrtf13n', 'cmmmrkf2300005wub2f8xtgvv', 'cmmmrkf2600015wubtpe6gzkw', 'kumarbulet1000@gmail.com	VAwY93xxx	kumarbulthoaminh0607@naver.com	2ooh xehr usg2 43ri jeub xnp2 55rq xxx', true, '2026-03-12 04:05:16.369+00', '2026-03-12 04:04:35.763+00') ON CONFLICT (id) DO NOTHING;
INSERT INTO "ProductItem" (id, "productId", "variantId", content, "isSold", "soldAt", "createdAt") VALUES ('cmmmy1yk400012cubutjavafh', 'cmmmrkf2300005wub2f8xtgvv', 'cmmmrkf2600015wubtpe6gzkw', 'carmelinafernandes42@gmail.com	48IAuuxxx	nayQ5Cphuongminh0207@naver.com	7hfr timn 2dks n3ov s4z6 lpr4 43rl xxx', true, '2026-03-12 04:05:16.369+00', '2026-03-12 04:04:35.763+00') ON CONFLICT (id) DO NOTHING;
INSERT INTO "ProductItem" (id, "productId", "variantId", content, "isSold", "soldAt", "createdAt") VALUES ('cmmmy1yk500022cubkmkyk3uv', 'cmmmrkf2300005wub2f8xtgvv', 'cmmmrkf2600015wubtpe6gzkw', 'sunnykumarram0167@gmail.com	6XkWT5xxx	drffdhchuongminh0507@naver.com	cdvl bygu pxr7 cjsr ph2o i26e 6fyl xxx', false, NULL, '2026-03-12 04:04:35.763+00') ON CONFLICT (id) DO NOTHING;
INSERT INTO "ProductItem" (id, "productId", "variantId", content, "isSold", "soldAt", "createdAt") VALUES ('cmmmy1yk500032cubfhx8yev2', 'cmmmrkf2300005wub2f8xtgvv', 'cmmmrkf2600015wubtpe6gzkw', 'snagulmeera666@gmail.com	#G7*S&xxx	snagulmethoaminh0407@naver.com	fj6e bbot hkn7 xq5b leno ddg6 m7vs xxx', false, NULL, '2026-03-12 04:04:35.763+00') ON CONFLICT (id) DO NOTHING;
INSERT INTO "ProductItem" (id, "productId", "variantId", content, "isSold", "soldAt", "createdAt") VALUES ('cmmmy1yk500042cubwb0gt9l7', 'cmmmrkf2300005wub2f8xtgvv', 'cmmmrkf2600015wubtpe6gzkw', 'rravikumaradicherla@gmail.com	uL0BgDxxx	rravikumthoaminh0407@naver.com	k3sd 5mcg 5sqn a6re 4t5v j4mv yzj5 xxx', false, NULL, '2026-03-12 04:04:35.763+00') ON CONFLICT (id) DO NOTHING;
INSERT INTO "ProductItem" (id, "productId", "variantId", content, "isSold", "soldAt", "createdAt") VALUES ('cmmmy1yk500052cubgfze88u7', 'cmmmrkf2300005wub2f8xtgvv', 'cmmmrkf2600015wubtpe6gzkw', 'bidlapardeep4@gmail.com	VqOkpfYxxx	bidlapardthoaminh3006@naver.com	i3pu jnxi peqy 3af7 nzkl nzro rx77 yr53', false, NULL, '2026-03-12 04:04:35.763+00') ON CONFLICT (id) DO NOTHING;
INSERT INTO "ProductItem" (id, "productId", "variantId", content, "isSold", "soldAt", "createdAt") VALUES ('cmmmy215k00062cubz5sfe5su', 'cmmmrkf2300005wub2f8xtgvv', 'cmmmrkf2800025wubb8uu0f4i', 'jammudamor@gmail.com	B1yg$QExxx	jammudathoaminh0707@naver.com	eelv en5y 7krc flbf b5bq nx6f 25h6 b457', false, NULL, '2026-03-12 04:04:39.128+00') ON CONFLICT (id) DO NOTHING;
INSERT INTO "ProductItem" (id, "productId", "variantId", content, "isSold", "soldAt", "createdAt") VALUES ('cmmmy215k00072cubu5k9jv2c', 'cmmmrkf2300005wub2f8xtgvv', 'cmmmrkf2800025wubb8uu0f4i', 'ashu72375@gmail.com	YZYTF40xxx	ashu72thoaminh0507@naver.com	dsmw dqc3 7zxl hjq4 blvq xyxt v5ia 6yka', false, NULL, '2026-03-12 04:04:39.128+00') ON CONFLICT (id) DO NOTHING;
INSERT INTO "ProductItem" (id, "productId", "variantId", content, "isSold", "soldAt", "createdAt") VALUES ('cmmn3o0zj0002fgubm19j22vo', 'cmmn3o0z20000fgub6bid1ej3', 'cmmn3o0z90001fgubsquung3w', 'kumarbulet1000@gmail.com|VAwY93L1rR|kumarbulthoaminh0607@naver.com|2ooh xehr usg2 43ri jeub xnp2 55rq xjtj', false, NULL, '2026-03-12 06:41:43.421+00') ON CONFLICT (id) DO NOTHING;
INSERT INTO "ProductItem" (id, "productId", "variantId", content, "isSold", "soldAt", "createdAt") VALUES ('cmmn7pylh0006fgubrxhmmxaf', 'cmmn7pyka0003fgubqxhcpux1', 'cmmn7pykq0004fgub01h1ip2y', 'kumarbulet1000@gmail.com|VAwY93L1rR|kumarbulthoaminh0607@naver.com|2ooh xehr usg2 43ri jeub xnp2 55rq xxxx', false, NULL, '2026-03-12 08:35:12.096+00') ON CONFLICT (id) DO NOTHING;
INSERT INTO "ProductItem" (id, "productId", "variantId", content, "isSold", "soldAt", "createdAt") VALUES ('cmmn7qvub0007fgub66827592', 'cmmn7pyka0003fgubqxhcpux1', 'cmmn7pykq0004fgub01h1ip2y', 'carmelinafernandes42@gmail.com|48IAuu7OTz|nayQ5Cphuongminh0207@naver.com|7hfr timn 2dks n3ov s4z6 lpr4 43rl zcwj', false, NULL, '2026-03-12 08:35:55.187+00') ON CONFLICT (id) DO NOTHING;
INSERT INTO "ProductItem" (id, "productId", "variantId", content, "isSold", "soldAt", "createdAt") VALUES ('cmmndd0w10000w4ubk60c721a', 'cmmn7pyka0003fgubqxhcpux1', 'cmmn7pykq0004fgub01h1ip2y', 'sunnykumarram0167@gmail.com|6XkWT5JeuC|drffdhchuongminh0507@naver.com|cdvl bygu pxr7 cjsr ph2o i26e 6fyl uxx', false, NULL, '2026-03-12 11:13:06.239+00') ON CONFLICT (id) DO NOTHING;
INSERT INTO "ProductItem" (id, "productId", "variantId", content, "isSold", "soldAt", "createdAt") VALUES ('cmmndd0w10001w4ubz0z59jnz', 'cmmn7pyka0003fgubqxhcpux1', 'cmmn7pykq0004fgub01h1ip2y', 'snagulmeera666@gmail.com|#G7*S&9q^J|snagulmethoaminh0407@naver.com|fj6e bbot hkn7 xq5b leno ddg6 m7vs hxxx', false, NULL, '2026-03-12 11:13:06.239+00') ON CONFLICT (id) DO NOTHING;
INSERT INTO "ProductItem" (id, "productId", "variantId", content, "isSold", "soldAt", "createdAt") VALUES ('cmmndd0w10002w4ubmgs679kn', 'cmmn7pyka0003fgubqxhcpux1', 'cmmn7pykq0004fgub01h1ip2y', 'rravikumaradicherla@gmail.com|uL0BgDHTpd|rravikumthoaminh0407@naver.com|k3sd 5mcg 5sqn a6re 4t5v j4mv yzj5 txxx', false, NULL, '2026-03-12 11:13:06.239+00') ON CONFLICT (id) DO NOTHING;
INSERT INTO "ProductItem" (id, "productId", "variantId", content, "isSold", "soldAt", "createdAt") VALUES ('cmmnhk0ll0004owubxxeem0oz', 'cmmmtrk7a000050ubkhu1ksqu', 'cmmmtrk7h000150ub1uvgjcgo', 'sunnykumarram0167@gmail.com|6XkWT5JeuC|drffdhchuongminh0507@naver.com|cdvl bygu pxr7 cjsr ph2o i26e 6fyl uxx', true, '2026-03-12 13:13:03.951+00', '2026-03-12 13:10:30.920+00') ON CONFLICT (id) DO NOTHING;
INSERT INTO "ProductItem" (id, "productId", "variantId", content, "isSold", "soldAt", "createdAt") VALUES ('cmmnhk0ll0005owubqmu7is4w', 'cmmmtrk7a000050ubkhu1ksqu', 'cmmmtrk7h000150ub1uvgjcgo', 'snagulmeera666@gmail.com|#G7*S&9q^J|snagulmethoaminh0407@naver.com|fj6e bbot hkn7 xq5b leno ddg6 m7vs hxxx', true, '2026-03-12 13:13:03.951+00', '2026-03-12 13:10:30.920+00') ON CONFLICT (id) DO NOTHING;
INSERT INTO "ProductItem" (id, "productId", "variantId", content, "isSold", "soldAt", "createdAt") VALUES ('cmmnhk0ll0006owubkb2zzxb7', 'cmmmtrk7a000050ubkhu1ksqu', 'cmmmtrk7h000150ub1uvgjcgo', 'rravikumaradicherla@gmail.com|uL0BgDHTpd|rravikumthoaminh0407@naver.com|k3sd 5mcg 5sqn a6re 4t5v j4mv yzj5 txxx', true, '2026-03-12 13:13:03.951+00', '2026-03-12 13:10:30.920+00') ON CONFLICT (id) DO NOTHING;
INSERT INTO "ProductItem" (id, "productId", "variantId", content, "isSold", "soldAt", "createdAt") VALUES ('cmmnhmqjk0007owubq9eos8ve', 'cmmmtrk7a000050ubkhu1ksqu', 'cmmmtrk7h000150ub1uvgjcgo', 'bidlapardeep4@gmail.com|VqOkpfY1H&|bidlapardthoaminh3006@naver.com|i3pu jnxi peqy 3af7 nzkl nzro rx77 yr53', true, '2026-03-12 13:13:03.951+00', '2026-03-12 13:12:37.856+00') ON CONFLICT (id) DO NOTHING;
INSERT INTO "ProductItem" (id, "productId", "variantId", content, "isSold", "soldAt", "createdAt") VALUES ('cmmnhmqjk0008owubxq1yswqx', 'cmmmtrk7a000050ubkhu1ksqu', 'cmmmtrk7h000150ub1uvgjcgo', 'ashu72375@gmail.com|YZYTF40a54|ashu72thoaminh0507@naver.com|dsmw dqc3 7zxl hjq4 blvq xyxt v5ia 6yka', true, '2026-03-12 13:25:32.019+00', '2026-03-12 13:12:37.856+00') ON CONFLICT (id) DO NOTHING;
INSERT INTO "ProductItem" (id, "productId", "variantId", content, "isSold", "soldAt", "createdAt") VALUES ('cmmnhmqjk0009owub0hq139u8', 'cmmmtrk7a000050ubkhu1ksqu', 'cmmmtrk7h000150ub1uvgjcgo', 'jammudamor@gmail.com|B1yg$QEB$j|jammudathoaminh0707@naver.com|eelv en5y 7krc flbf b5bq nx6f 25h6 b457', true, '2026-03-12 13:25:32.019+00', '2026-03-12 13:12:37.856+00') ON CONFLICT (id) DO NOTHING;
INSERT INTO "ProductItem" (id, "productId", "variantId", content, "isSold", "soldAt", "createdAt") VALUES ('cmmnhmqjk000aowubzwrg1qvf', 'cmmmtrk7a000050ubkhu1ksqu', 'cmmmtrk7h000150ub1uvgjcgo', 'gm9151069@gmail.com|*iGFkyh6iz|dfhfchuongminh0207@naver.com|y4hc 7n7u qig5 sk5m gfiw qb75 snwy 7dwt', true, '2026-03-12 13:43:05.825+00', '2026-03-12 13:12:37.856+00') ON CONFLICT (id) DO NOTHING;
INSERT INTO "ProductItem" (id, "productId", "variantId", content, "isSold", "soldAt", "createdAt") VALUES ('cmmojvbzp000520ubmeu8zr4e', 'cmmmtrk7a000050ubkhu1ksqu', 'cmmmtrk7h000150ub1uvgjcgo', 'bidlapardeeps4@gmail.com|VqOkpfY1H&|bidlapardthoaminh3006@naver.com|i3pu jnxi peqy 3af7 nzkl nzro rx77 yr53', true, '2026-03-13 07:03:31.883+00', '2026-03-13 07:03:04.308+00') ON CONFLICT (id) DO NOTHING;
INSERT INTO "ProductItem" (id, "productId", "variantId", content, "isSold", "soldAt", "createdAt") VALUES ('cmmojvbzp000620ubpjdwciwl', 'cmmmtrk7a000050ubkhu1ksqu', 'cmmmtrk7h000150ub1uvgjcgo', 'ashu72375s@gmail.com|YZYTF40a54|ashu72thoaminh0507@naver.com|dsmw dqc3 7zxl hjq4 blvq xyxt v5ia 6yka', true, '2026-03-13 07:03:31.883+00', '2026-03-13 07:03:04.308+00') ON CONFLICT (id) DO NOTHING;
INSERT INTO "ProductItem" (id, "productId", "variantId", content, "isSold", "soldAt", "createdAt") VALUES ('cmmojvbzp000720uboq9e7xoj', 'cmmmtrk7a000050ubkhu1ksqu', 'cmmmtrk7h000150ub1uvgjcgo', 'jammudamsor@gmail.com|B1yg$QEB$j|jammudathoaminh0707@naver.com|eelv en5y 7krc flbf b5bq nx6f 25h6 b457', true, '2026-03-13 08:14:52.291+00', '2026-03-13 07:03:04.308+00') ON CONFLICT (id) DO NOTHING;
INSERT INTO "ProductItem" (id, "productId", "variantId", content, "isSold", "soldAt", "createdAt") VALUES ('cmmojvbzq000820ubs8jq0h1i', 'cmmmtrk7a000050ubkhu1ksqu', 'cmmmtrk7h000150ub1uvgjcgo', 'gm915106s9@gmail.com|*iGFkyh6iz|dfhfchuongminh0207@naver.com|y4hc 7n7u qig5 sk5m gfiw qb75 snwy 7dwt', true, '2026-03-13 08:14:52.291+00', '2026-03-13 07:03:04.308+00') ON CONFLICT (id) DO NOTHING;
INSERT INTO "ProductItem" (id, "productId", "variantId", content, "isSold", "soldAt", "createdAt") VALUES ('cmmolroxp000k20ubeg3wjdql', 'cmmolr7tl000h20ubje3b1kst', 'cmmolr7tt000i20ub5aqp0ytw', 'bidlapasrdeeps4@gmail.com|VqOkpfY1H&|bidlapardthoaminh3006@naver.com|i3pu jnxi peqy 3af7 nzkl nzro rx77 yr53', false, NULL, '2026-03-13 07:56:13.692+00') ON CONFLICT (id) DO NOTHING;
INSERT INTO "ProductItem" (id, "productId", "variantId", content, "isSold", "soldAt", "createdAt") VALUES ('cmmolroxp000l20ubqyg2f277', 'cmmolr7tl000h20ubje3b1kst', 'cmmolr7tt000i20ub5aqp0ytw', 'ashu723s75s@gmail.com|YZYTF40a54|ashu72thoaminh0507@naver.com|dsmw dqc3 7zxl hjq4 blvq xyxt v5ia 6yka', false, NULL, '2026-03-13 07:56:13.692+00') ON CONFLICT (id) DO NOTHING;
INSERT INTO "ProductItem" (id, "productId", "variantId", content, "isSold", "soldAt", "createdAt") VALUES ('cmmolroxq000m20ublrn2zw8f', 'cmmolr7tl000h20ubje3b1kst', 'cmmolr7tt000i20ub5aqp0ytw', 'jammudasmsor@gmail.com|B1yg$QEB$j|jammudathoaminh0707@naver.com|eelv en5y 7krc flbf b5bq nx6f 25h6 b457', false, NULL, '2026-03-13 07:56:13.692+00') ON CONFLICT (id) DO NOTHING;
INSERT INTO "ProductItem" (id, "productId", "variantId", content, "isSold", "soldAt", "createdAt") VALUES ('cmmolroxq000n20ubafks5stv', 'cmmolr7tl000h20ubje3b1kst', 'cmmolr7tt000i20ub5aqp0ytw', 'gm91510s6s9@gmail.com|*iGFkyh6iz|dfhfchuongminh0207@naver.com|y4hc 7n7u qig5 sk5m gfiw qb75 snwy 7dwt', false, NULL, '2026-03-13 07:56:13.692+00') ON CONFLICT (id) DO NOTHING;
INSERT INTO "ProductItem" (id, "productId", "variantId", content, "isSold", "soldAt", "createdAt") VALUES ('cmmolxvil000p20ub7ng2qo5c', 'cmmolr7tl000h20ubje3b1kst', 'cmmolr7tx000j20ubfeb40e86', 'bidlapasrdeeps4@gmail.com|VqOkpfY1H&|bidlapardthoamindh3006@naver.com|i3pu jnxi peqy 3af7 nzkl nzro rx77 yr53', false, NULL, '2026-03-13 08:01:02.156+00') ON CONFLICT (id) DO NOTHING;
INSERT INTO "ProductItem" (id, "productId", "variantId", content, "isSold", "soldAt", "createdAt") VALUES ('cmmolxvil000q20ubnwlqakz8', 'cmmolr7tl000h20ubje3b1kst', 'cmmolr7tx000j20ubfeb40e86', 'ashu723s75s@gmail.com|YZYTF40a54|ashu72thoaminhd0507@naver.com|dsmw dqc3 7zxl hjq4 blvq xyxt v5ia 6yka', false, NULL, '2026-03-13 08:01:02.156+00') ON CONFLICT (id) DO NOTHING;
INSERT INTO "ProductItem" (id, "productId", "variantId", content, "isSold", "soldAt", "createdAt") VALUES ('cmmolxvil000r20ubz8i7i6wd', 'cmmolr7tl000h20ubje3b1kst', 'cmmolr7tx000j20ubfeb40e86', 'jammudasmsor@gmail.com|B1yg$QEB$j|jammudathoadminh0707@naver.com|eelv en5y 7krc flbf b5bq nx6f 25h6 b457', false, NULL, '2026-03-13 08:01:02.156+00') ON CONFLICT (id) DO NOTHING;
INSERT INTO "ProductItem" (id, "productId", "variantId", content, "isSold", "soldAt", "createdAt") VALUES ('cmmolxvil000s20ubuymsc23t', 'cmmolr7tl000h20ubje3b1kst', 'cmmolr7tx000j20ubfeb40e86', 'gm91510s6s9@gmail.com|*iGFkyh6iz|dfhfchuongmidnh0207@naver.com|y4hc 7n7u qig5 sk5m gfiw qb75 snwy 7dwt', false, NULL, '2026-03-13 08:01:02.156+00') ON CONFLICT (id) DO NOTHING;
INSERT INTO "ProductItem" (id, "productId", "variantId", content, "isSold", "soldAt", "createdAt") VALUES ('cmmolz4bn000t20ub5r5ij9in', 'cmmolr7tl000h20ubje3b1kst', 'cmmolr7tx000j20ubfeb40e86', 'biddasdlapasrdeeps4@gmail.com|VqOkpfY1H&|bidlapadrdthoamindh3006@naver.com|i3pu jnxi peqy 3af7 nzkl nzro rx77 yr53', false, NULL, '2026-03-13 08:02:00.226+00') ON CONFLICT (id) DO NOTHING;
INSERT INTO "ProductItem" (id, "productId", "variantId", content, "isSold", "soldAt", "createdAt") VALUES ('cmmosguiz0001v8ubu4dsfvyn', 'cmmolr7tl000h20ubje3b1kst', 'cmmose8hf0000v8ub76l50vy0', 'bidlapardeeps4@gmail.com|VqOkpfY1H&|bidlapardthoaminh3006@naver.com|i3pu jnxi peqy 3af7 nzkl nzro rx77 yr53', true, '2026-03-13 15:01:20.355+00', '2026-03-13 11:03:45.033+00') ON CONFLICT (id) DO NOTHING;
INSERT INTO "ProductItem" (id, "productId", "variantId", content, "isSold", "soldAt", "createdAt") VALUES ('cmmosguiz0002v8ubq3e428v7', 'cmmolr7tl000h20ubje3b1kst', 'cmmose8hf0000v8ub76l50vy0', 'ashu72375s@gmail.com|YZYTF40a54|ashu72thoaminh0507@naver.com|dsmw dqc3 7zxl hjq4 blvq xyxt v5ia 6yka', true, '2026-03-13 15:01:20.355+00', '2026-03-13 11:03:45.033+00') ON CONFLICT (id) DO NOTHING;
INSERT INTO "ProductItem" (id, "productId", "variantId", content, "isSold", "soldAt", "createdAt") VALUES ('cmmosguj00003v8ub9s8mtrud', 'cmmolr7tl000h20ubje3b1kst', 'cmmose8hf0000v8ub76l50vy0', 'jammudamsor@gmail.com|B1yg$QEB$j|jammudathoaminh0707@naver.com|eelv en5y 7krc flbf b5bq nx6f 25h6 b457', true, '2026-03-13 15:07:13.374+00', '2026-03-13 11:03:45.033+00') ON CONFLICT (id) DO NOTHING;
INSERT INTO "ProductItem" (id, "productId", "variantId", content, "isSold", "soldAt", "createdAt") VALUES ('cmmosguj00004v8ubff1hp8fx', 'cmmolr7tl000h20ubje3b1kst', 'cmmose8hf0000v8ub76l50vy0', 'gm915106s9@gmail.com|*iGFkyh6iz|dfhfchuongminh0207@naver.com|y4hc 7n7u qig5 sk5m gfiw qb75 snwy 7dwt', false, NULL, '2026-03-13 11:03:45.033+00') ON CONFLICT (id) DO NOTHING;
INSERT INTO "ProductItem" (id, "productId", "variantId", content, "isSold", "soldAt", "createdAt") VALUES ('cmmoshnor0005v8ubzzygcghc', 'cmmolr7tl000h20ubje3b1kst', 'cmmose8hf0000v8ub76l50vy0', 'bidlapasrdeseps4@gmail.com|VqOkpfY1H&|bidlapardthoaminh3006@naver.com|i3pu jnxi peqy 3af7 nzkl nzro rx77 yr53', false, NULL, '2026-03-13 11:04:22.827+00') ON CONFLICT (id) DO NOTHING;
INSERT INTO "ProductItem" (id, "productId", "variantId", content, "isSold", "soldAt", "createdAt") VALUES ('cmmoshnor0006v8uboe5ijfni', 'cmmolr7tl000h20ubje3b1kst', 'cmmose8hf0000v8ub76l50vy0', 'ashu723s7s5s@gmail.com|YZYTF40a54|ashu72thoaminh0507@naver.com|dsmw dqc3 7zxl hjq4 blvq xyxt v5ia 6yka', false, NULL, '2026-03-13 11:04:22.827+00') ON CONFLICT (id) DO NOTHING;
INSERT INTO "ProductItem" (id, "productId", "variantId", content, "isSold", "soldAt", "createdAt") VALUES ('cmmoshnor0007v8ubn9q1oqmy', 'cmmolr7tl000h20ubje3b1kst', 'cmmose8hf0000v8ub76l50vy0', 'jammudasmssor@gmail.com|B1yg$QEB$j|jammudathoaminh0707@naver.com|eelv en5y 7krc flbf b5bq nx6f 25h6 b457', false, NULL, '2026-03-13 11:04:22.827+00') ON CONFLICT (id) DO NOTHING;
INSERT INTO "ProductItem" (id, "productId", "variantId", content, "isSold", "soldAt", "createdAt") VALUES ('cmmoshnor0008v8ubciv8af90', 'cmmolr7tl000h20ubje3b1kst', 'cmmose8hf0000v8ub76l50vy0', 'gm91510s6ss9@gmail.com|*iGFkyh6iz|dfhfchuongminh0207@naver.com|y4hc 7n7u qig5 sk5m gfiw qb75 snwy 7dwt', false, NULL, '2026-03-13 11:04:22.827+00') ON CONFLICT (id) DO NOTHING;
INSERT INTO "ProductItem" (id, "productId", "variantId", content, "isSold", "soldAt", "createdAt") VALUES ('cmmowjlwl0003w0ubqgc8cjn0', 'cmmmtrk7a000050ubkhu1ksqu', 'cmmmtrk7h000150ub1uvgjcgo', 'bidlapasrdesesps4@gmail.com|VqOkpfY1H&|bidlapardthoaminh3006@naver.com|i3pu jnxi peqy 3af7 nzkl nzro rx77 yr53', true, '2026-03-13 12:57:52.307+00', '2026-03-13 12:57:52.292+00') ON CONFLICT (id) DO NOTHING;
INSERT INTO "ProductItem" (id, "productId", "variantId", content, "isSold", "soldAt", "createdAt") VALUES ('cmmowjlwl0004w0ubpx3o01ks', 'cmmmtrk7a000050ubkhu1ksqu', 'cmmmtrk7h000150ub1uvgjcgo', 'ashu723s7s5ss@gmail.com|YZYTF40a54|ashu72thoaminh0507@naver.com|dsmw dqc3 7zxl hjq4 blvq xyxt v5ia 6yka', true, '2026-03-13 12:57:52.307+00', '2026-03-13 12:57:52.292+00') ON CONFLICT (id) DO NOTHING;
INSERT INTO "ProductItem" (id, "productId", "variantId", content, "isSold", "soldAt", "createdAt") VALUES ('cmmowjlwl0005w0ubnye3lzp6', 'cmmmtrk7a000050ubkhu1ksqu', 'cmmmtrk7h000150ub1uvgjcgo', 'jammudasmsssor@gmail.com|B1yg$QEB$j|jammudathoaminh0707@naver.com|eelv en5y 7krc flbf b5bq nx6f 25h6 b457', false, NULL, '2026-03-13 12:57:52.292+00') ON CONFLICT (id) DO NOTHING;
INSERT INTO "ProductItem" (id, "productId", "variantId", content, "isSold", "soldAt", "createdAt") VALUES ('cmmowjlwl0006w0ubfesyk9xa', 'cmmmtrk7a000050ubkhu1ksqu', 'cmmmtrk7h000150ub1uvgjcgo', 'gm91510ss6ss9@gmail.com|*iGFkyh6iz|dfhfchuongminh0207@naver.com|y4hc 7n7u qig5 sk5m gfiw qb75 snwy 7dwt', false, NULL, '2026-03-13 12:57:52.292+00') ON CONFLICT (id) DO NOTHING;
INSERT INTO "ProductItem" (id, "productId", "variantId", content, "isSold", "soldAt", "createdAt") VALUES ('cmmowjlwl0007w0ubjgx21vn8', 'cmmmtrk7a000050ubkhu1ksqu', 'cmmmtrk7h000150ub1uvgjcgo', 'gm915e10ss6ss9@gmail.com|*iGFkyh6iz|dfhfchuongminh0207@naver.com|y4hc 7n7u qig5 sk5m gfiw qb75 snwy 7dwt', false, NULL, '2026-03-13 12:57:52.292+00') ON CONFLICT (id) DO NOTHING;
INSERT INTO "ProductItem" (id, "productId", "variantId", content, "isSold", "soldAt", "createdAt") VALUES ('cmmowjlwl0008w0ubxtpq34k0', 'cmmmtrk7a000050ubkhu1ksqu', 'cmmmtrk7h000150ub1uvgjcgo', 'gm915e10ss6ss9@gmail.com|*iGFkyh6iz|dfhfchuongminh0207@naver.com|y4hc 7n7u qig5 sk5m gfiw qb75 snwy 7dwt', false, NULL, '2026-03-13 12:57:52.292+00') ON CONFLICT (id) DO NOTHING;
INSERT INTO "ProductItem" (id, "productId", "variantId", content, "isSold", "soldAt", "createdAt") VALUES ('cmmowl51j000aw0ub2xeo6eso', 'cmmmtrk7a000050ubkhu1ksqu', 'cmmmtrk7h000150ub1uvgjcgo', 'bidlapasrdesesps4@gmail.com|VqOkpfY1H&|bidlapardthoaminh3006@naver.com|i3pu jnxi peqy 3af7 nzkl nzro rx77 yr53', false, NULL, '2026-03-13 12:59:03.751+00') ON CONFLICT (id) DO NOTHING;
INSERT INTO "ProductItem" (id, "productId", "variantId", content, "isSold", "soldAt", "createdAt") VALUES ('cmmowl51j000bw0ubv0h8k315', 'cmmmtrk7a000050ubkhu1ksqu', 'cmmmtrk7h000150ub1uvgjcgo', 'ashu723s7s5dss@gmail.com|YZYTF40a54|ashu72thoaminh0507@naver.com|dsmw dqc3 7zxl hjq4 blvq xyxt v5ia 6yka', false, NULL, '2026-03-13 12:59:03.751+00') ON CONFLICT (id) DO NOTHING;
INSERT INTO "ProductItem" (id, "productId", "variantId", content, "isSold", "soldAt", "createdAt") VALUES ('cmmowl51j000cw0ubvfnzez53', 'cmmmtrk7a000050ubkhu1ksqu', 'cmmmtrk7h000150ub1uvgjcgo', 'jammuddasmsssor@gmail.com|B1yg$QEB$j|jammudathoaminh0707@naver.com|eelv en5y 7krc flbf b5bq nx6f 25h6 b457', false, NULL, '2026-03-13 12:59:03.751+00') ON CONFLICT (id) DO NOTHING;
INSERT INTO "ProductItem" (id, "productId", "variantId", content, "isSold", "soldAt", "createdAt") VALUES ('cmmowl51j000dw0ubmil8mp4n', 'cmmmtrk7a000050ubkhu1ksqu', 'cmmmtrk7h000150ub1uvgjcgo', 'gm915ed10ss6ss9@gmail.com|*iGFkyh6iz|dfhfchuongminh0207@naver.com|y4hc 7n7u qig5 sk5m gfiw qb75 snwy 7dwt', false, NULL, '2026-03-13 12:59:03.751+00') ON CONFLICT (id) DO NOTHING;
INSERT INTO "ProductItem" (id, "productId", "variantId", content, "isSold", "soldAt", "createdAt") VALUES ('cmmowl51j000ew0ubrzq5ssc3', 'cmmmtrk7a000050ubkhu1ksqu', 'cmmmtrk7h000150ub1uvgjcgo', 'gmd915ed10ss6ss9@gmail.com|*iGFkyh6iz|dfhfchuongminh0207@naver.com|y4hc 7n7u qig5 sk5m gfiw qb75 snwy 7dwt', false, NULL, '2026-03-13 12:59:03.751+00') ON CONFLICT (id) DO NOTHING;
